python,0.301029996
hrg,0.602059991
principles,0.301029996
labs,0.602059991
definition,0.602059991
council,0.602059991
hvac,0.602059991
a.a.t.,0.602059991
bid,0.602059991
porous,0.602059991
affairs,0.602059991
team.,0.602059991
transition,0.602059991
movements,0.602059991
maintained,0.602059991
preparation,0.602059991
navicat,0.602059991
nj,0.602059991
e&t,0.602059991
employment.,0.602059991
toolkit,0.301029996
keeping,0.602059991
cryptography,0.602059991
scouts,0.602059991
aesthetic,0.602059991
conditions.,0.602059991
time.,0.602059991
marketing,0.301029996
certified,0.301029996
script,0.301029996
telco,0.602059991
microprocessors.,0.602059991
mswe,0.602059991
ui,0.301029996
quindos,0.602059991
synchronizing,0.602059991
soapui,0.301029996
investigator,0.602059991
frameworks.,0.602059991
displayed,0.602059991
chfi,0.602059991
complex,0.301029996
processing,0.301029996
owners,0.602059991
lectured,0.602059991
muvattupuzha,0.602059991
low,0.602059991
successfully,0.602059991
indicators,0.602059991
db,0.301029996
ewp,0.602059991
conversion,0.602059991
i.t.,0.602059991
domestic,0.602059991
lucent,0.602059991
indication,0.602059991
liberal,0.602059991
recent,0.602059991
porosity.,0.602059991
internetworking,0.602059991
robotics,0.602059991
m.,0.602059991
ccitt,0.602059991
concentrix,0.602059991
contract,0.602059991
assisting,0.602059991
find,0.602059991
thinker,0.602059991
generation.,0.602059991
transformation,0.602059991
investigation,0.602059991
irving,0.602059991
products,0.602059991
scale,0.602059991
smarty,0.602059991
hive.,0.602059991
sent.,0.602059991
inquiries,0.602059991
ipad.,0.602059991
vhdl,0.602059991
powershell,0.602059991
services,0.124938737
methodology,0.301029996
assessment,0.602059991
technological,0.602059991
ultra,0.602059991
navigational,0.602059991
protocols.,0.602059991
$3.1m,0.602059991
conversant,0.602059991
strauss,0.602059991
tortoise,0.602059991
delhi,0.602059991
punjab,0.602059991
opc,0.602059991
restaurants,0.602059991
authenticator,0.602059991
whitehouse,0.602059991
universidad,0.301029996
feed,0.602059991
outlook,0.301029996
phone,0.602059991
rosters,0.602059991
portfolios,0.602059991
houston,0.301029996
findbugs,0.602059991
update,0.602059991
september,0.301029996
children’s,0.602059991
canvas,0.602059991
resident,0.602059991
success.,0.602059991
achieving,0.602059991
test,0.301029996
austin,0.602059991
onshore,0.602059991
remotely,0.602059991
aggregated,0.602059991
manufacturing,0.602059991
mappings,0.602059991
form,0.602059991
selenium,0.301029996
rigorous,0.602059991
alliance.,0.602059991
jquery,0.301029996
atlanta,0.602059991
nfe,0.602059991
transfer,0.602059991
apm,0.602059991
geometric,0.602059991
performing,0.602059991
green,0.602059991
intrusion,0.602059991
virginia,0.602059991
ssl,0.602059991
development,0.124938737
decoder,0.602059991
maitighar,0.602059991
times,0.602059991
center.,0.602059991
technology,0
chef,0.602059991
onsite,0.602059991
gujarat,0.602059991
exec,0.602059991
utilize,0.602059991
sample,0.602059991
ibs,0.301029996
lisp,0.602059991
establish,0.602059991
foundations,0.301029996
well,0.301029996
specialization,0.602059991
v.35,0.602059991
miniland,0.602059991
modules,0.602059991
bushive,0.602059991
89%,0.602059991
programme,0.301029996
return,0.602059991
tncg,0.602059991
198,0.602059991
beng,0.602059991
w3c,0.602059991
storm,0.602059991
m.s.,0.602059991
way,0.602059991
allowing,0.602059991
three,0.301029996
component,0.301029996
infrastructure,0.602059991
blackboard,0.602059991
engineers.,0.602059991
interactive,0.602059991
zero,0.602059991
spring,0.301029996
replaced,0.602059991
intensive,0.602059991
2,0
covering,0.602059991
tdo,0.602059991
phpmyadmin,0.602059991
63+,0.602059991
citrix,0.602059991
hcispp,0.602059991
communicates,0.602059991
workman's,0.602059991
state,0.301029996
equipped,0.602059991
network+,0.602059991
literature,0.602059991
good,0.301029996
andriod,0.602059991
audit,0.301029996
payload,0.602059991
bash,0.301029996
html+css,0.602059991
html5,0.301029996
javascript,0.301029996
hons,0.602059991
priority,0.602059991
depth,0.602059991
required,0.602059991
sytem,0.602059991
generating,0.602059991
multiroom,0.602059991
roles,0.602059991
polar,0.602059991
aggregation,0.602059991
potential,0.602059991
investigations,0.602059991
defined,0.602059991
entire,0.602059991
r&d,0.602059991
national,0.124938737
jdbc,0.301029996
firewalls,0.602059991
quartus,0.602059991
sq,0.602059991
quiktrip,0.602059991
area,0.301029996
dysfunctional,0.602059991
crm.,0.602059991
troubleshoot,0.602059991
data,0
corpora.,0.602059991
issues.,0.602059991
end',0.602059991
requests,0.602059991
as9100,0.602059991
discrepancies,0.602059991
restaurant,0.602059991
grunt,0.602059991
rtos,0.602059991
massively,0.602059991
analyst,0.301029996
1986,0.602059991
apply_path,0.602059991
themed,0.602059991
nc,0.301029996
dns,0.301029996
supported,0.602059991
specializing,0.602059991
entity,0.301029996
mvc5,0.602059991
markup,0.602059991
asmx,0.602059991
instance,0.602059991
initiated,0.602059991
dotnet,0.301029996
spi,0.602059991
2011,0.124938737
pro,0.602059991
groups,0.602059991
cct,0.602059991
phonegap,0.602059991
xionics,0.602059991
topologies,0.602059991
make,0.301029996
proficient,0.301029996
eg,0.602059991
profile,0.301029996
maintainable,0.602059991
inspections,0.602059991
complaints,0.602059991
processed,0.602059991
micro,0.602059991
expanded,0.602059991
compromised,0.602059991
dates,0.602059991
quotas,0.602059991
past,0.602059991
digital,0.124938737
mw,0.602059991
[python,0.602059991
compactpcisystems,0.602059991
transforming,0.602059991
procedures,0.301029996
algorithms,0.602059991
rmp,0.602059991
angular,0.301029996
technology.,0.602059991
creating,0.602059991
arsc,0.602059991
berth,0.602059991
strategies,0.301029996
hibernate,0.301029996
makes,0.602059991
maintenance,0.301029996
star,0.301029996
central,0.301029996
existing,0.602059991
improper,0.602059991
ethernet,0.602059991
relationships,0.602059991
fmla,0.602059991
sun,0.124938737
ambulance,0.602059991
marks,0.602059991
atr,0.602059991
altera,0.602059991
•,0.602059991
institue,0.602059991
local,0.602059991
post,0.301029996
notice,0.602059991
highlydynamic,0.602059991
chosen,0.602059991
gairigaun,0.602059991
achieve,0.602059991
kd,0.602059991
thapathali,0.602059991
kinesis,0.602059991
bal,0.602059991
incorporated,0.602059991
subnets,0.602059991
ec,0.602059991
mcsc,0.602059991
signalr,0.602059991
pdl's,0.602059991
asana.,0.602059991
us,0.602059991
expect,0.602059991
cycle.,0.602059991
center,0.124938737
francisco,0.602059991
food,0.602059991
linearhashing,0.602059991
react.js,0.602059991
netbios,0.602059991
gitlab,0.602059991
features,0.602059991
converting,0.602059991
dos,0.602059991
children's,0.602059991
carthage,0.602059991
vehicle,0.602059991
signon,0.602059991
arrays,0.602059991
domains,0.602059991
oracle,0.124938737
bamboo,0.602059991
seats,0.602059991
elevated,0.602059991
business,0.124938737
2003,0.124938737
radio,0.602059991
resolved,0.602059991
terraform,0.602059991
practice,0.602059991
2004,0.301029996
maintain,0.602059991
consumers,0.602059991
mca,0.602059991
"""world""",0.602059991
mcp,0.602059991
soc,0.602059991
workers',0.602059991
payable,0.602059991
identify,0.602059991
solutions,0.124938737
receptionist,0.602059991
compliance,0.602059991
illinois,0.602059991
america,0.602059991
public,0.301029996
ioe,0.602059991
fluid,0.602059991
western,0.602059991
director,0.602059991
patches,0.602059991
asp,0.301029996
symbiosis,0.602059991
union,0.602059991
jazz,0.602059991
pune,0.301029996
hardware.,0.602059991
applications,0.124938737
interrupt,0.602059991
express,0.301029996
description,0.602059991
telemarketing,0.602059991
elasticsearch.,0.602059991
large,0.602059991
engaged,0.602059991
peripherals,0.301029996
ocm,0.602059991
accessed,0.602059991
frame.,0.602059991
appreciation,0.602059991
denormalization,0.602059991
scsi,0.602059991
reporting.,0.602059991
freemake,0.602059991
schedule,0.602059991
top,0.602059991
routinely,0.602059991
section,0.602059991
andover,0.602059991
alcohol,0.602059991
teams,0.602059991
wcf,0.301029996
116%,0.602059991
explained,0.602059991
offline,0.602059991
rm,0.301029996
jcl,0.602059991
written,0.602059991
types,0.602059991
cms,0.602059991
arizona,0.602059991
community,0.301029996
drexel,0.602059991
cgi,0.301029996
10,0.602059991
rolling,0.602059991
suite,0.301029996
double,0.602059991
swt,0.602059991
disability,0.602059991
optimized,0.602059991
gamestop,0.602059991
drivers,0.301029996
st.,0.602059991
serverless,0.602059991
sdl,0.602059991
com,0.124938737
hosting,0.602059991
dc,0.124938737
mips,0.602059991
79%,0.602059991
territory,0.602059991
nawalparasi,0.602059991
derived,0.602059991
encoder.,0.602059991
got,0.602059991
city,0.301029996
gdb,0.602059991
prep],0.602059991
entities,0.602059991
adobe,0.301029996
backupexec,0.602059991
fiscal,0.602059991
template,0.301029996
ee,0.301029996
dlls,0.602059991
precise,0.602059991
ohlone,0.602059991
sharedwith,0.602059991
banking,0.602059991
tdd,0.602059991
bt,0.602059991
servers.,0.301029996
methodology.,0.602059991
profiling,0.602059991
frontier,0.602059991
20+,0.602059991
40,0.602059991
predict,0.602059991
cause,0.602059991
cipp,0.602059991
monitor,0.602059991
fixing,0.602059991
ariba,0.602059991
model,0.124938737
blender,0.602059991
developers.,0.602059991
gcih,0.602059991
june,0.124938737
minimum,0.602059991
ispf,0.602059991
gathering,0.301029996
waukesha,0.602059991
truetype,0.602059991
library,0.124938737
research,0.301029996
casp,0.602059991
takes,0.602059991
vdi,0.602059991
gpen,0.602059991
order,0.602059991
reproducing,0.602059991
upgrading,0.602059991
pays,0.602059991
inc.,0.602059991
action,0.602059991
ph.,0.602059991
balloons,0.602059991
camden,0.602059991
tools.,0.602059991
dealing,0.602059991
degree,0.602059991
"""physical""",0.602059991
as9102,0.602059991
codebase.,0.602059991
outs,0.602059991
publish,0.602059991
costing,0.602059991
ebenezer,0.602059991
beans,0.602059991
softice,0.602059991
leaving,0.602059991
bachelor's,0.602059991
ant,0.301029996
ocpjp,0.602059991
maven,0.301029996
hp,0.301029996
header,0.602059991
name,0.301029996
buildbot,0.602059991
sql,0.301029996
valparaiso,0.602059991
house,0.301029996
technician,0.301029996
ipv6,0.602059991
consultation,0.602059991
modified,0.602059991
risk,0.124938737
500,0.602059991
storage,0.301029996
2.5,0.602059991
known,0.301029996
new,0.301029996
samza,0.602059991
isrm,0.602059991
involvement,0.602059991
liaised,0.602059991
layer,0.602059991
rich,0.602059991
success,0.602059991
demo,0.602059991
workspaces,0.602059991
process,0.301029996
histories,0.602059991
7,0.602059991
mmhr,0.602059991
b.e,0.602059991
search,0.301029996
dillibazar,0.602059991
mantis,0.602059991
box,0.602059991
ssrs,0.301029996
levi,0.602059991
status,0.602059991
configurations,0.602059991
grem,0.602059991
wordpress,0.602059991
spring.,0.602059991
accurately,0.602059991
2008,0.124938737
rules,0.602059991
partial,0.602059991
use,0.301029996
assuranceapp,0.602059991
efforts,0.602059991
pm,0.602059991
junit,0.301029996
company,0.602059991
communication,0.124938737
gac,0.602059991
clients,0.602059991
responsys,0.602059991
bugs.,0.602059991
skill,0.602059991
biratnagar,0.602059991
act,0.301029996
outgoing,0.602059991
ready,0.602059991
campaigns.,0.602059991
java1.8,0.301029996
area.,0.602059991
plugin,0.602059991
fairfield,0.602059991
802.1x,0.301029996
assurance.,0.602059991
aawoad,0.602059991
exploit,0.602059991
lawrenceville,0.602059991
coordinator,0.301029996
12c,0.602059991
current,0.602059991
calculator,0.602059991
lexington,0.602059991
config,0.602059991
titles,0.602059991
negotiations,0.602059991
impact,0.602059991
3,0.602059991
scripting,0.301029996
magnagement,0.602059991
infor,0.602059991
chief,0.301029996
great,0.602059991
premise,0.602059991
whistle,0.602059991
reusable,0.602059991
redesigned,0.602059991
600,0.602059991
advisor,0.602059991
guided,0.602059991
identification,0.602059991
turbine,0.602059991
prepaid,0.602059991
programmer,0.124938737
cle,0.602059991
iii,0.602059991
diagnostic,0.602059991
repairs,0.602059991
protection,0.301029996
1995,0.301029996
birgunj,0.602059991
press,0.602059991
hseb,0.602059991
timesheet,0.602059991
solid,0.602059991
configuration,0.301029996
2005,0.124938737
sound,0.602059991
lua,0.602059991
produce,0.602059991
ipod,0.602059991
children,0.602059991
chaitanya,0.602059991
varied,0.602059991
awarded,0.602059991
supplemented,0.602059991
motivated,0.602059991
myca,0.602059991
hashing,0.602059991
tag,0.602059991
could,0.602059991
usage,0.602059991
apl,0.602059991
addressing,0.602059991
economics,0.602059991
buies,0.602059991
swift,0.602059991
css,0.301029996
oop,0.602059991
scoring,0.301029996
openedge,0.301029996
open,0.301029996
rs,0.602059991
includes,0.602059991
elite,0.602059991
forensic,0.602059991
responsive,0.301029996
robert,0.602059991
corporate,0.301029996
flight,0.602059991
small,0.602059991
disciplined,0.602059991
resolving,0.602059991
contractors,0.602059991
record,0.602059991
letters,0.602059991
tester,0.301029996
ccsp,0.602059991
engineer,0
rup,0.602059991
common,0.301029996
tools,0.301029996
posted,0.602059991
shopping,0.602059991
remington,0.602059991
sharing,0.602059991
keeps,0.602059991
teamforge.,0.602059991
attached,0.602059991
across,0.602059991
apps],0.602059991
rhcva,0.602059991
printing,0.602059991
controllers,0.602059991
electric,0.602059991
xcode4,0.602059991
resources,0.602059991
system.,0.602059991
click,0.602059991
ga,0.301029996
amazon,0.301029996
formulae,0.602059991
thought,0.602059991
questions,0.602059991
tuned,0.602059991
maintenance.,0.301029996
largest,0.602059991
hattiban,0.602059991
available,0.602059991
ports,0.602059991
jenkins,0.301029996
mcsm,0.602059991
cpanel,0.602059991
mexico,0.602059991
org,0.602059991
penetration,0.602059991
webmaster,0.602059991
dimensioning,0.602059991
stability,0.602059991
dynamodb,0.602059991
assistance,0.602059991
met,0.602059991
employee,0.602059991
plcs,0.602059991
developed,0.602059991
validation,0.602059991
ascertain,0.602059991
machine.,0.602059991
spreadsheet,0.602059991
typing,0.602059991
asp.net,0.301029996
camino,0.602059991
solutions.,0.602059991
aags,0.602059991
lenovo,0.602059991
companies,0.602059991
weekly,0.602059991
hexagon,0.602059991
flushing,0.602059991
rock,0.301029996
exporting,0.602059991
christian,0.602059991
pvcs,0.602059991
pa,0.602059991
1.8,0.602059991
ahead,0.602059991
array,0.602059991
tool,0.301029996
90%,0.301029996
christopher,0.602059991
scope,0.602059991
fonts,0.602059991
experienced,0.602059991
pontificia,0.301029996
conception,0.602059991
jboss,0.124938737
django,0.301029996
lmi,0.602059991
extra,0.602059991
counties,0.602059991
postscript,0.301029996
fireworks,0.602059991
keep,0.602059991
rights,0.602059991
linguistic,0.602059991
cymer,0.602059991
fusion,0.602059991
reactjs,0.301029996
elastic,0.602059991
dbms,0.602059991
unity3d,0.602059991
stories,0.602059991
dev,0.301029996
modicon,0.602059991
running,0.124938737
xcode,0.301029996
homeowners,0.602059991
failing,0.602059991
b.,0.602059991
performed,0.602059991
abertis,0.602059991
extended,0.602059991
final,0.602059991
georgia,0.602059991
mechanism,0.602059991
games,0.602059991
paso,0.602059991
smartwatch,0.602059991
cciso,0.602059991
respectively,0.602059991
book,0.602059991
deployhq,0.602059991
productivity,0.602059991
index,0.602059991
tolerance,0.602059991
acs,0.602059991
instrumental,0.602059991
emails,0.602059991
third,0.602059991
compilations,0.602059991
deployment.,0.602059991
increased,0.602059991
plays,0.602059991
boston,0.602059991
algorithm,0.602059991
repaired,0.602059991
node,0.301029996
draft,0.602059991
4,0.301029996
activex,0.602059991
readable,0.301029996
scrums,0.602059991
installation,0.602059991
crs,0.602059991
virtual,0.301029996
optimization,0.602059991
voting,0.602059991
finding,0.602059991
regulations.,0.602059991
assessed,0.602059991
market,0.602059991
translation,0.602059991
programs.,0.602059991
home,0.602059991
necessary,0.602059991
1993,0.602059991
prototyping,0.602059991
mapped,0.602059991
team,0.301029996
iowa,0.602059991
socially,0.602059991
player,0.301029996
kyocera,0.602059991
refunds,0.602059991
glacier,0.602059991
mfc.,0.602059991
months,0.602059991
closely,0.602059991
segment,0.602059991
newsletter,0.602059991
give,0.602059991
agent,0.602059991
300%,0.602059991
object,0.301029996
entry,0.124938737
1983,0.602059991
gcfe,0.602059991
9.1,0.602059991
arkansas,0.602059991
repair,0.602059991
fare,0.602059991
onslaught,0.602059991
ms,0.124938737
promoted,0.602059991
threading,0.301029996
tracer,0.602059991
delphi.,0.301029996
interaction,0.301029996
php5,0.602059991
executable,0.602059991
r,0.301029996
internetwork,0.602059991
iam,0.602059991
above.,0.602059991
transform,0.602059991
reporting,0.301029996
emovis,0.602059991
extensively,0.602059991
rwtools++,0.602059991
manufacturer,0.602059991
schenectady,0.301029996
automated,0.301029996
xvt,0.602059991
pullman,0.602059991
bmc,0.602059991
pspice,0.602059991
terms,0.602059991
submitted,0.602059991
messages,0.602059991
8000,0.602059991
construction,0.124938737
emule,0.602059991
speed.,0.602059991
calyx,0.602059991
models.,0.602059991
package,0.301029996
gradle,0.602059991
timer,0.602059991
client.,0.602059991
sscp,0.602059991
subscriber,0.602059991
incoming,0.602059991
computing,0.301029996
promise,0.602059991
relations,0.602059991
catiledlayer,0.602059991
screening,0.602059991
freebsd,0.301029996
xerox,0.602059991
toaster,0.602059991
network.,0.602059991
gawn,0.602059991
mta,0.301029996
msc,0.602059991
south,0.602059991
eces,0.602059991
key,0.301029996
kavre,0.602059991
mysql,0.301029996
claim,0.602059991
standalone,0.602059991
azalea,0.602059991
ecosystem,0.602059991
warner,0.602059991
europe,0.602059991
owner,0.602059991
optical,0.602059991
autoit,0.602059991
less,0.301029996
iot,0.602059991
managerial,0.602059991
"moon""",0.602059991
ucl,0.602059991
specifically,0.602059991
6.2,0.602059991
shared,0.301029996
supply,0.602059991
social,0.602059991
plm.,0.602059991
operate,0.301029996
paradigms,0.602059991
write,0.301029996
nuclear,0.602059991
ospf,0.602059991
ongoing,0.602059991
predefined,0.602059991
mongo,0.301029996
contractual,0.602059991
tier,0.602059991
uses,0.602059991
passthru,0.602059991
country,0.602059991
tokyo,0.602059991
cdma,0.602059991
simultaneously,0.301029996
scala.,0.602059991
oops,0.301029996
cen,0.301029996
1.6,0.602059991
able,0.301029996
100%,0.602059991
connected,0.602059991
stored,0.301029996
april,0.124938737
3.2,0.602059991
msoffice,0.602059991
a.s.,0.602059991
workstations,0.602059991
prerana,0.602059991
coordination,0.602059991
language,0.301029996
backup,0.301029996
documents,0.602059991
supremacy,0.602059991
drag,0.602059991
aid,0.602059991
prospecting,0.602059991
ejpt,0.602059991
templates,0.602059991
winsurfer,0.602059991
6,0.602059991
60,0.602059991
gxpn,0.602059991
west,0.602059991
ezeeshore,0.602059991
mct,0.602059991
set,0.602059991
rs232,0.602059991
specific,0.602059991
zones,0.602059991
perimeter,0.602059991
pl,0.301029996
iwork,0.602059991
improvement,0.602059991
client,0.301029996
strategic,0.602059991
endodontic,0.602059991
sdlc,0.301029996
wind,0.602059991
months’,0.602059991
hyperion,0.602059991
cams,0.602059991
involved,0.602059991
cost,0.301029996
projector,0.602059991
rwd,0.602059991
boarding,0.602059991
7,0.602059991
primary,0.301029996
b.s,0.602059991
bugzilla,0.602059991
paribodh,0.602059991
edrp,0.602059991
setup,0.301029996
himalayan,0.602059991
controls,0.301029996
mary,0.602059991
educational,0.602059991
head,0.602059991
preston,0.602059991
isso,0.602059991
integrating,0.602059991
security+,0.602059991
gold,0.602059991
erp,0.602059991
development.,0.602059991
actively,0.602059991
x,0.301029996
pediatric,0.602059991
optimizing,0.602059991
boost,0.602059991
corruptions,0.602059991
real,0.602059991
datastores,0.602059991
generation,0.602059991
suppress,0.602059991
ntp,0.602059991
cisa,0.602059991
establishing,0.602059991
leveraged,0.602059991
fea,0.602059991
minix,0.602059991
sc.d.,0.602059991
basicjavascript,0.602059991
v4,0.602059991
delivery.strong,0.602059991
sub,0.602059991
zap,0.602059991
associated,0.301029996
tfs,0.602059991
prototyped,0.602059991
animation,0.602059991
spirits,0.602059991
bscs,0.602059991
peformance,0.602059991
languages,0.301029996
services.,0.602059991
dynamic,0.602059991
secondary,0.602059991
availability,0.602059991
general,0.301029996
dhcp,0.602059991
ado,0.602059991
ascii85,0.602059991
private,0.301029996
displays,0.602059991
peoplesoft,0.301029996
implementations,0.602059991
potp,0.602059991
assessor,0.602059991
plesk,0.602059991
cameras,0.602059991
security,0
22,0.602059991
informatic,0.602059991
moines,0.602059991
uploaded,0.602059991
answered,0.602059991
triggers,0.301029996
payment,0.602059991
thru,0.602059991
reorganization,0.602059991
manner,0.602059991
performance.,0.602059991
+,0.602059991
address,0.301029996
3.5,0.602059991
method,0.301029996
1+,0.602059991
repository.,0.602059991
laravel,0.602059991
flag,0.602059991
administrator,0.301029996
famo.us,0.602059991
visualization,0.602059991
developing,0.301029996
jobs,0.602059991
links,0.602059991
machinery,0.602059991
excel.,0.602059991
leverage,0.602059991
transport,0.602059991
gisp,0.602059991
nextpage,0.602059991
oversee,0.602059991
accredited,0.602059991
30+,0.602059991
u.s.,0.602059991
purposes,0.602059991
aaload,0.602059991
organizing,0.602059991
warehouse,0.602059991
scrums.,0.602059991
trucking,0.602059991
account,0.602059991
lawrence,0.602059991
hired,0.602059991
account.,0.602059991
audits,0.602059991
interoperability,0.602059991
senior,0.602059991
9,0.301029996
acquisition,0.602059991
dozens,0.602059991
project.,0.602059991
gl,0.602059991
represented,0.602059991
allow,0.602059991
recognition,0.602059991
analyzing,0.602059991
$375k,0.602059991
since,0.602059991
webforms,0.602059991
2010,0.124938737
codeigniter,0.301029996
attending,0.602059991
mcda,0.602059991
interop,0.602059991
ikon,0.602059991
ncac,0.602059991
metadata,0.602059991
vb6,0.301029996
plan,0.602059991
take,0.602059991
veritas,0.602059991
mpi,0.602059991
opportunities,0.602059991
ssh,0.602059991
hardware,0.301029996
api's,0.602059991
asynchronous,0.602059991
interdev,0.602059991
beverages,0.602059991
sim,0.602059991
win32,0.602059991
ghost,0.602059991
data.,0.602059991
ddk,0.602059991
illegal,0.602059991
worked,0.602059991
measure,0.602059991
doors,0.602059991
specifications,0.301029996
nexpose,0.602059991
audience,0.602059991
resulting,0.602059991
boards,0.602059991
details,0.602059991
north,0.301029996
duration,0.602059991
proper,0.301029996
member,0.602059991
interoperation,0.301029996
providers,0.602059991
[quality,0.602059991
dollar,0.602059991
text,0.602059991
dtw,0.602059991
triangular,0.602059991
ujjwal,0.602059991
networks,0.301029996
sustain,0.602059991
creations,0.602059991
eb,0.602059991
representing,0.602059991
[reliability,0.602059991
gathered,0.602059991
kentucky,0.602059991
health,0.602059991
johnstown,0.602059991
load,0.602059991
[...],0.602059991
motivating,0.602059991
outside,0.602059991
root,0.602059991
music,0.301029996
girl,0.602059991
expectations,0.602059991
deliver,0.602059991
art,0.602059991
realview,0.602059991
million,0.602059991
ithaca,0.602059991
dedicated,0.602059991
diagnostics.,0.301029996
atheros,0.602059991
akka,0.602059991
signaling,0.602059991
mainly,0.602059991
geo,0.602059991
federal,0.602059991
2002,0.602059991
nt.,0.602059991
adjunct,0.602059991
users,0.602059991
changes.,0.602059991
d.,0.602059991
separate,0.602059991
dba,0.602059991
st,0.602059991
zale's,0.602059991
vcs,0.602059991
authentication.,0.602059991
distribution,0.602059991
question,0.602059991
practiced,0.602059991
several,0.602059991
json,0.301029996
c#,0.301029996
gather,0.602059991
masters,0.602059991
disposition,0.602059991
vaccination,0.602059991
entering,0.602059991
french,0.602059991
cybage,0.602059991
october,0
management.,0.301029996
parts,0.602059991
card,0.602059991
metrics,0.602059991
diego,0.301029996
spy.,0.602059991
telecommunications,0.301029996
possible,0.602059991
proposed,0.602059991
proofing,0.602059991
deep,0.602059991
b.tech.,0.602059991
gdit,0.602059991
recommendations,0.602059991
patched,0.602059991
need,0.602059991
unicode,0.301029996
increase,0.602059991
utilized,0.602059991
turbines,0.602059991
uploader,0.602059991
providence,0.602059991
interpreter,0.602059991
debug,0.602059991
student,0.301029996
mediaplayerframework,0.602059991
uml,0.301029996
xsan,0.602059991
crisc,0.602059991
7,0.301029996
ltdc,0.602059991
brokers,0.602059991
determined,0.602059991
facebook,0.602059991
arniko,0.602059991
pvt,0.602059991
sdge,0.602059991
budgets,0.602059991
early,0.602059991
digitec,0.602059991
upgrade,0.301029996
hybrid,0.602059991
bays,0.602059991
spanning,0.602059991
1985,0.602059991
pages,0.602059991
innovation,0.301029996
coder,0.602059991
lambdas.,0.602059991
karnataka,0.602059991
factors,0.602059991
projects,0.602059991
washington,0.301029996
2006,0.602059991
auto,0.602059991
twelve,0.602059991
administrative,0.602059991
robustness,0.602059991
usable,0.602059991
h.s.e.b,0.602059991
labview,0.124938737
exports,0.602059991
functioned,0.602059991
compatibility,0.301029996
formula,0.602059991
pharmaceutical,0.602059991
noc,0.602059991
moduleviewcontroller,0.602059991
scrum,0.301029996
comptia,0.602059991
octave,0.602059991
biotechnology,0.602059991
positioning,0.602059991
updating,0.602059991
setoolkit,0.602059991
caldwell,0.602059991
cyberops,0.602059991
register,0.602059991
far,0.602059991
upload,0.602059991
waste,0.602059991
coordinated,0.602059991
crystal,0.602059991
libraries.,0.602059991
synched,0.602059991
engineer],0.602059991
housed,0.602059991
dfw,0.602059991
reliable,0.602059991
postgres,0.301029996
llc,0.602059991
distributors,0.602059991
components,0.301029996
kyushu,0.602059991
sports,0.602059991
bellevue,0.602059991
portsmouth,0.602059991
debuggers,0.602059991
dartmouth,0.602059991
helper,0.602059991
departments,0.602059991
velocity,0.602059991
mongodb,0.301029996
capacity,0.602059991
databases.,0.602059991
case,0.301029996
protocol.,0.602059991
highjump,0.301029996
8051,0.602059991
bi,0.301029996
filtering,0.602059991
spartacus,0.602059991
confluence,0.602059991
sdk,0.301029996
existence,0.602059991
trained,0.301029996
evolution,0.602059991
procurement,0.602059991
tactics,0.602059991
one,0.301029996
2019,0.301029996
silverlight,0.301029996
belt,0.602059991
ge,0.602059991
import,0.602059991
hci,0.602059991
extensive,0.301029996
present,0.124938737
wpf,0.301029996
bachelors,0.602059991
sciences,0.602059991
feedback,0.602059991
verticals,0.602059991
fpgas,0.602059991
el,0.602059991
deal,0.602059991
rmis,0.602059991
structure,0.602059991
historical,0.602059991
84.50%,0.602059991
consulted,0.602059991
editable,0.602059991
vantive,0.602059991
cambridge,0.602059991
manbhawan,0.602059991
deadlines,0.602059991
suit,0.602059991
transactions,0.602059991
obtained,0.602059991
cto,0.602059991
“rapidpro”,0.602059991
followed,0.602059991
assess,0.602059991
mobile,0.124938737
constructive,0.602059991
ecre,0.602059991
latin,0.602059991
rocket,0.602059991
neiman,0.602059991
dad,0.602059991
acma,0.602059991
caused,0.602059991
agile,0.301029996
vaultize’s,0.602059991
la,0.301029996
aspnet,0.602059991
installs,0.602059991
wan,0.602059991
.,0.602059991
month.,0.602059991
meters,0.602059991
laptops,0.602059991
dialup,0.602059991
graded,0.602059991
53,0.602059991
css3,0.301029996
83.20%,0.602059991
aa,0.301029996
mining,0.602059991
svn.,0.602059991
wordserver,0.602059991
elasticsearch,0.602059991
pcs,0.602059991
repositories,0.602059991
cie,0.602059991
coded,0.602059991
upon,0.602059991
follow,0.602059991
preform,0.602059991
shake,0.602059991
including,0.301029996
simple,0.602059991
switching,0.301029996
check,0.602059991
btech,0.602059991
authors,0.602059991
vendor,0.602059991
application.,0.602059991
mainframe,0.301029996
reader,0.602059991
sequence,0.602059991
ado.net,0.301029996
carriers,0.602059991
25,0.602059991
best,0.301029996
areas,0.602059991
formats,0.602059991
technologist,0.602059991
onevision,0.602059991
thrust,0.602059991
integrate,0.602059991
lab,0.602059991
refactoring,0.301029996
ar,0.124938737
gtc,0.602059991
language.,0.602059991
rhce,0.602059991
augment,0.602059991
factory,0.301029996
supplicant,0.602059991
plus,0.602059991
oce,0.602059991
year,0.124938737
aacre,0.602059991
"screen""",0.602059991
sb,0.602059991
notate,0.602059991
node.js,0.301029996
latex,0.602059991
aws,0.301029996
serving,0.602059991
communicating,0.602059991
traffic,0.602059991
trainer,0.301029996
experience,0.301029996
command,0.602059991
gerrit,0.602059991
app,0.301029996
distribute,0.602059991
ensa,0.602059991
console,0.301029996
cna,0.602059991
barriers,0.602059991
utilizing,0.602059991
automate,0.602059991
mq.,0.602059991
temporary,0.602059991
m.sc.,0.602059991
select,0.602059991
libre,0.602059991
concepts,0.301029996
points,0.602059991
collect,0.602059991
offers,0.602059991
releases,0.602059991
ii,0.301029996
cne,0.602059991
rpgile,0.602059991
university,0.301029996
platform,0.301029996
sqlsvr,0.602059991
zeiss,0.602059991
rack,0.602059991
notes,0.602059991
patterns,0.301029996
frontend,0.602059991
mcclain,0.602059991
claim.,0.602059991
privately,0.602059991
aaaoad,0.602059991
car,0.602059991
testing,0.124938737
install,0.602059991
detectors,0.602059991
spiral,0.602059991
maya,0.602059991
singleton,0.602059991
bus,0.602059991
wi,0.124938737
expertise,0.301029996
screen,0.602059991
log,0.602059991
assessing,0.602059991
discuss,0.602059991
managed,0.602059991
authorities,0.602059991
morang,0.602059991
88.25%,0.602059991
proposals,0.602059991
45,0.301029996
equity,0.602059991
defects,0.602059991
flexera,0.602059991
thrive,0.602059991
cloudera,0.602059991
comprehensive,0.301029996
flexnet,0.602059991
modernized,0.602059991
multiline,0.602059991
lotusscript,0.602059991
verify,0.602059991
louisiana,0.301029996
capabilities.,0.602059991
stayed,0.602059991
send,0.602059991
panel,0.602059991
postgresql,0.301029996
docs,0.602059991
sending,0.602059991
jyoti,0.602059991
artifacts,0.602059991
edit,0.602059991
run,0.602059991
saml,0.602059991
pycharm,0.602059991
application,0
privacy,0.301029996
spreadsheets,0.602059991
phd,0.602059991
international,0.124938737
acted,0.602059991
utilizes,0.602059991
party,0.602059991
m.s.c.s.,0.602059991
hoc,0.602059991
inter,0.602059991
rft,0.602059991
cc3,0.602059991
resetting,0.602059991
motherland,0.602059991
tribhuwan,0.602059991
files,0.602059991
retrieval,0.602059991
databases,0.301029996
along,0.602059991
analyzed,0.602059991
360,0.602059991
combination,0.602059991
tracked,0.602059991
unison,0.602059991
realistic,0.602059991
discussion,0.602059991
charts,0.602059991
users',0.602059991
1.5,0.602059991
interfaces,0.301029996
edi,0.602059991
english,0.301029996
hacker,0.602059991
states,0.602059991
rfc2284,0.602059991
jack,0.602059991
encoder,0.602059991
fonts.,0.602059991
peers,0.602059991
log4j,0.301029996
paradise,0.602059991
architectural,0.602059991
deployment,0.301029996
distance,0.602059991
rmon,0.602059991
industrial,0.301029996
code.,0.602059991
pharmacy,0.602059991
metro,0.602059991
aae,0.602059991
windbg,0.602059991
base.,0.602059991
rental,0.602059991
flexibility,0.602059991
phases,0.602059991
outputted,0.602059991
rapidpro,0.602059991
manage,0.301029996
tamil,0.602059991
ssis,0.602059991
tolerancing,0.602059991
codeview,0.602059991
malware,0.602059991
correctness.,0.602059991
fda,0.602059991
platforms,0.301029996
industry,0.301029996
bootstrap,0.301029996
nintendo,0.602059991
[2011,0.602059991
radius,0.301029996
jsp,0.301029996
gnu,0.301029996
v.,0.602059991
sanity,0.602059991
collecting,0.602059991
mean,0.602059991
representatives,0.602059991
bucket,0.602059991
court,0.602059991
headed,0.602059991
grails,0.602059991
technologies,0
scrummeetings,0.602059991
amritsar,0.602059991
billion+,0.602059991
[patient,0.602059991
environments,0.301029996
dekocha,0.602059991
packs.,0.602059991
birt,0.301029996
pmp,0.602059991
copying,0.602059991
level,0.124938737
3ware,0.602059991
advocated,0.602059991
change,0.602059991
standard,0.301029996
staruml,0.602059991
unicef’s,0.602059991
handoff,0.602059991
material,0.602059991
ky,0.602059991
checkstyle,0.602059991
subversion,0.602059991
adding,0.602059991
perl,0.301029996
assemblies,0.602059991
oauth,0.602059991
osce,0.602059991
calculations,0.602059991
meetings,0.602059991
studios,0.602059991
pfconcept.com,0.602059991
siebel,0.602059991
messaging,0.602059991
mfc,0.301029996
planning,0.124938737
automatically,0.602059991
associate,0.124938737
ortho,0.602059991
orlando,0.602059991
webserver,0.602059991
ef,0.602059991
graph,0.602059991
stock,0.602059991
terminal,0.602059991
lifecycle,0.301029996
javabeans,0.602059991
pilot,0.602059991
strong,0.301029996
tickets,0.602059991
basis,0.602059991
recorded,0.602059991
valley,0.602059991
user,0.301029996
b.a,0.602059991
mechanism.,0.602059991
dropzone.js,0.602059991
show,0.602059991
expose,0.602059991
nsis,0.602059991
b.a.,0.602059991
hands,0.301029996
composite,0.602059991
rest,0.301029996
expert,0.124938737
cygwin,0.602059991
india,0.602059991
javafx,0.602059991
fetched,0.602059991
ccnp,0.602059991
kung,0.602059991
fuqua,0.602059991
active,0.301029996
comprised,0.602059991
gleg,0.602059991
acsa,0.602059991
ups,0.602059991
oswe,0.602059991
atmega,0.602059991
massachusetts,0.301029996
doctor,0.301029996
initiative,0.602059991
pandas,0.602059991
wsu,0.602059991
pdf,0.602059991
budget,0.602059991
assist,0.602059991
bollards,0.602059991
sd,0.602059991
methodologies,0.301029996
disk,0.301029996
gsec,0.602059991
berkner,0.602059991
pitney,0.602059991
nasm,0.602059991
tables,0.602059991
speed,0.602059991
osticket,0.602059991
retail,0.301029996
dependent,0.602059991
pvt.,0.602059991
catia,0.602059991
fortran,0.602059991
underlying,0.602059991
luxottica,0.602059991
ruby,0.301029996
equipment,0.301029996
website,0.602059991
provisioned,0.602059991
contribution,0.602059991
ip,0.602059991
pur,0.602059991
materials,0.602059991
actual,0.602059991
visio,0.602059991
flow,0.602059991
sw,0.602059991
flexnet's,0.602059991
produces,0.602059991
apps.,0.602059991
monitors,0.602059991
tire,0.602059991
size,0.602059991
architects,0.602059991
gloversville,0.602059991
helpdesk,0.301029996
conferences.,0.602059991
logging,0.301029996
effort,0.602059991
design,0.124938737
purchase,0.602059991
translate,0.602059991
s.d.,0.602059991
budhanilkantha,0.602059991
inventory,0.301029996
spartan,0.602059991
short,0.602059991
ibm,0.124938737
door,0.602059991
thorough,0.602059991
xmls,0.602059991
contributing,0.301029996
providing,0.602059991
scalable,0.602059991
orcad,0.602059991
hadoop,0.301029996
suites,0.602059991
broadcom,0.602059991
intern,0.602059991
serves,0.602059991
sourcesafe,0.602059991
serialization,0.602059991
staffing,0.602059991
usual,0.602059991
toolchain,0.602059991
woburn,0.602059991
1999,0.602059991
visits,0.602059991
wip,0.602059991
spark,0.602059991
aat,0.602059991
concerning,0.602059991
vb.net,0.301029996
blackbox,0.602059991
individual,0.602059991
6,0.124938737
raintree,0.602059991
achieved,0.602059991
"""shift""",0.602059991
npm,0.301029996
4.5,0.602059991
planners,0.602059991
conducted,0.602059991
smarthome,0.602059991
assembler,0.301029996
sources,0.602059991
flux,0.602059991
4015n,0.602059991
certifications,0.602059991
pulchowk,0.602059991
tutoring,0.602059991
photoshop,0.301029996
bs,0.602059991
conjunction,0.602059991
acsp,0.602059991
rare,0.602059991
installed,0.602059991
ramnagar,0.602059991
10+,0.602059991
gauges,0.602059991
johnson,0.602059991
built,0.602059991
duplex,0.602059991
viewpoint,0.602059991
changing,0.602059991
marcus,0.602059991
inspector,0.602059991
boy,0.602059991
coverage,0.602059991
2,0.602059991
end,0.301029996
gps,0.602059991
streams,0.602059991
consumed,0.602059991
nehru,0.602059991
horizon,0.602059991
analyze,0.301029996
non,0.602059991
laboratories,0.602059991
gcux,0.602059991
recovery,0.301029996
validating,0.602059991
testable,0.602059991
bind,0.602059991
partners,0.602059991
transit,0.602059991
policies,0.602059991
create,0.602059991
8+,0.602059991
years',0.602059991
pertain,0.602059991
hodoop,0.602059991
official,0.602059991
replication,0.602059991
oxford,0.602059991
among,0.602059991
orders,0.602059991
operator,0.602059991
whole,0.602059991
source,0.301029996
adapter,0.602059991
technicians.,0.602059991
giving,0.602059991
ad,0.301029996
defining,0.602059991
report,0.602059991
metadata],0.602059991
master’s,0.602059991
newton,0.602059991
credit,0.602059991
rails,0.602059991
jce,0.602059991
decision,0.602059991
drawing,0.602059991
meadows,0.602059991
aerodynamic,0.602059991
framework.,0.301029996
cissp,0.602059991
workbench,0.602059991
2005+,0.602059991
1996,0.602059991
atkinson,0.602059991
html4,0.602059991
ood,0.602059991
libreoffice,0.602059991
instrumented,0.602059991
touch,0.602059991
fremont,0.602059991
junior,0.301029996
job,0.602059991
york,0.301029996
unique,0.602059991
aass,0.602059991
specified,0.602059991
imported,0.602059991
diverse,0.602059991
tolling,0.602059991
game,0.124938737
stl,0.602059991
fatima,0.602059991
driven,0.602059991
rle,0.602059991
feasibility,0.602059991
hw,0.602059991
vagrant,0.301029996
marketplace,0.602059991
modifications,0.602059991
z,0.602059991
notification,0.602059991
handle,0.602059991
preserves,0.602059991
corp.,0.602059991
targeted,0.602059991
learned,0.602059991
convergence,0.602059991
scd,0.602059991
hansoft,0.602059991
permit,0.602059991
eagle,0.602059991
edge,0.301029996
limitations,0.602059991
customers',0.602059991
[software,0.602059991
2009,0.602059991
nodejs,0.301029996
endp,0.602059991
authentication,0.602059991
5000,0.602059991
browsers,0.602059991
ccda,0.602059991
oca,0.602059991
task,0.301029996
lamp,0.602059991
azure,0.301029996
tdo.interop,0.602059991
portal,0.301029996
accountants,0.602059991
ejb3,0.602059991
csv,0.602059991
1998,0.301029996
oncology,0.602059991
renewing,0.602059991
documentation,0.301029996
clinical,0.602059991
kathmandu,0.301029996
jscript,0.602059991
cpa's,0.602059991
midrange,0.602059991
see,0.602059991
wrote,0.602059991
include,0.602059991
attach,0.602059991
bse,0.602059991
tenant,0.602059991
creek,0.602059991
32,0.301029996
highcharts,0.602059991
applied,0.301029996
polytechnic,0.602059991
selection,0.602059991
acceptance,0.602059991
persistence,0.602059991
environment.,0.602059991
contracts,0.602059991
club,0.602059991
microsoft,0.124938737
'windows',0.602059991
jawaharlal,0.602059991
syslog,0.602059991
isvs,0.602059991
start,0.602059991
replicated,0.602059991
improve,0.602059991
lean,0.602059991
strategy,0.602059991
cio,0.602059991
receivable.,0.602059991
performs,0.602059991
multicast,0.602059991
students,0.602059991
lcd,0.602059991
1990,0.602059991
competitive,0.602059991
using,0.301029996
mary's,0.602059991
instructor,0.602059991
drive,0.602059991
combine,0.602059991
logs,0.602059991
salesforce,0.602059991
ecsa,0.602059991
lotus,0.301029996
html,0.301029996
configurable,0.602059991
revenue,0.602059991
consolidated,0.602059991
discussed,0.602059991
tutor,0.602059991
etl,0.602059991
ledger,0.602059991
taking,0.602059991
brand,0.602059991
scheme,0.602059991
14,0.301029996
statistics,0.301029996
swing,0.602059991
grew,0.602059991
bangalore,0.602059991
interface,0.301029996
customer,0.301029996
page,0.301029996
conceptual,0.602059991
jagannath,0.602059991
clearquest,0.602059991
company’s,0.602059991
microsoft's,0.602059991
devices.,0.602059991
moment,0.602059991
desired,0.602059991
transportation,0.602059991
telecommunication,0.602059991
airsis,0.602059991
s.,0.602059991
little,0.301029996
table,0.602059991
demand,0.602059991
bitbucket,0.602059991
gameplay,0.301029996
different,0.301029996
bcrs,0.602059991
mcts,0.602059991
2067,0.602059991
connections,0.301029996
properties.,0.602059991
throughput,0.602059991
explain,0.602059991
webct,0.602059991
m.e.,0.602059991
stories.,0.602059991
helping,0.602059991
workflows,0.602059991
switches.,0.602059991
temperature,0.602059991
dsc,0.301029996
ensure,0.602059991
react,0.301029996
collaboration,0.124938737
newburgh,0.602059991
continuous,0.301029996
magazine,0.602059991
tracking,0.301029996
leidos,0.602059991
compute,0.602059991
85.70%,0.602059991
rpgiv,0.602059991
campus,0.301029996
boomi,0.602059991
2015,0.124938737
present],0.602059991
exchange,0.301029996
specimens,0.602059991
supervisor,0.602059991
requirements.,0.602059991
coexistence,0.602059991
mapkit,0.602059991
ides,0.602059991
cosmos,0.602059991
aame,0.602059991
scheduling,0.301029996
infosys,0.602059991
apply,0.602059991
cmake,0.602059991
instructions,0.602059991
gslc,0.602059991
process.,0.602059991
functions.,0.602059991
management,0.124938737
wide,0.602059991
3d,0.301029996
gmeiner,0.602059991
$1.1m,0.602059991
2013],0.602059991
mason,0.602059991
resolution,0.602059991
handler.,0.602059991
criteria,0.602059991
routing,0.124938737
microbyte,0.602059991
coding,0.602059991
domain,0.301029996
indexer,0.602059991
goals.,0.602059991
rpg,0.602059991
maharishi,0.602059991
intelligent,0.602059991
dell,0.301029996
device,0.301029996
printing.,0.602059991
codebase,0.602059991
apparel,0.602059991
mariadb,0.602059991
telecom,0.602059991
provide,0.602059991
coregraphics,0.602059991
packard,0.602059991
garde,0.602059991
spencer,0.602059991
b.sc.,0.602059991
englewood,0.602059991
future,0.602059991
agere.,0.602059991
company's,0.602059991
realtor,0.602059991
arts,0.602059991
converter,0.602059991
proficiencies,0.602059991
normalizer,0.602059991
78.20%,0.602059991
pipeline,0.602059991
graduates,0.602059991
dealer,0.602059991
satellite,0.602059991
month,0.602059991
bellator,0.602059991
resolve,0.602059991
jump,0.602059991
fixed,0.602059991
inc,0.602059991
port,0.602059991
gced,0.602059991
mq,0.301029996
tri,0.301029996
british,0.602059991
vaccine,0.602059991
bdd,0.602059991
proprietary,0.602059991
microsystems,0.602059991
board,0.301029996
monthly,0.602059991
flexera's,0.602059991
bill,0.602059991
rdbms,0.602059991
cascade,0.602059991
loans.,0.602059991
outing,0.602059991
artificial,0.602059991
200+,0.602059991
udp,0.602059991
mortgage,0.602059991
events,0.301029996
color,0.602059991
a.s,0.602059991
cases,0.602059991
remains,0.602059991
illustrator,0.301029996
supervising,0.602059991
zoran,0.602059991
commissioning,0.602059991
facilitate,0.602059991
lpc2148,0.602059991
filezilla,0.602059991
selling,0.602059991
extjs,0.602059991
lambda,0.602059991
adc,0.602059991
quick,0.602059991
online,0.301029996
executives,0.602059991
delphi,0.602059991
document.,0.602059991
healthcare,0.301029996
selected,0.602059991
function,0.301029996
88.00%,0.602059991
neural,0.602059991
reproduction,0.602059991
syndeo's,0.602059991
internal,0.602059991
people,0.602059991
handler,0.301029996
wsdl,0.301029996
contributed,0.602059991
mbunit,0.301029996
2013,0.124938737
3d­graphic,0.602059991
bhumahi,0.602059991
ccent,0.602059991
query,0.301029996
mode,0.602059991
pertinent,0.602059991
queens,0.602059991
generate,0.602059991
substances,0.602059991
trinity,0.602059991
10d,0.602059991
owasp,0.602059991
multiple,0.301029996
recon,0.602059991
earned,0.602059991
entrepreneurship,0.602059991
2001,0.602059991
ruskin,0.602059991
qa,0.301029996
mma,0.602059991
packs,0.602059991
cctv,0.602059991
independent,0.602059991
backlog,0.602059991
assistant,0.602059991
costs,0.602059991
spoke,0.602059991
safely.,0.602059991
combiner,0.602059991
desk,0.301029996
organization,0.602059991
os,0.301029996
initiatives,0.602059991
jira,0.301029996
csslp,0.602059991
cupertino,0.602059991
opendoc,0.602059991
hewlett,0.602059991
associates,0.602059991
throughput.,0.602059991
file,0.602059991
converted,0.602059991
payments,0.602059991
appropriate,0.602059991
codified,0.602059991
pay,0.602059991
ray,0.602059991
packages,0.301029996
helped,0.602059991
$615k,0.602059991
campbell,0.301029996
threads,0.602059991
execute,0.602059991
wellness,0.602059991
used,0.602059991
silently,0.602059991
window,0.301029996
vulnerability,0.602059991
hostel,0.602059991
testers,0.602059991
fabricated,0.602059991
software,0
106,0.602059991
b2bi,0.602059991
vc++,0.602059991
multi,0.301029996
understanding,0.301029996
arduino,0.602059991
4,0.602059991
kot,0.602059991
spa,0.301029996
prixa,0.602059991
m.i.t,0.602059991
applications.,0.602059991
service,0.124938737
c#.net,0.602059991
accomplished,0.602059991
bis,0.602059991
ocp,0.602059991
al,0.602059991
railway,0.602059991
i18n,0.602059991
pareto,0.602059991
committed,0.602059991
lpt,0.602059991
emapt,0.602059991
508,0.602059991
1992,0.602059991
palawlibrary.com,0.602059991
100+,0.602059991
focused,0.602059991
intelligence,0.602059991
bethesda,0.602059991
safe,0.301029996
mentored,0.602059991
irons,0.602059991
supporting,0.301029996
product,0.301029996
pc,0.301029996
prolog,0.602059991
stoppages,0.602059991
aggregate,0.602059991
relationship,0.301029996
compare,0.602059991
policy,0.301029996
domain.,0.602059991
jpa.,0.602059991
prabhat,0.602059991
memcached,0.602059991
vancouver,0.602059991
telephone,0.301029996
checkpoint,0.602059991
coaches,0.602059991
format,0.602059991
mentor,0.301029996
advised,0.602059991
tomcat,0.301029996
print,0.602059991
objectives,0.602059991
working,0.124938737
acp,0.602059991
cli,0.602059991
campaigns,0.602059991
creator,0.602059991
tx,0.301029996
agents.,0.602059991
experian,0.602059991
porting,0.301029996
430,0.602059991
cliffs,0.602059991
self,0.301029996
cospace,0.602059991
olympic,0.602059991
vector,0.602059991
burlington,0.602059991
appropriately,0.602059991
cash,0.602059991
request,0.602059991
studio,0.301029996
rejection,0.602059991
mt,0.602059991
aatcs,0.602059991
gcfa,0.602059991
virus,0.602059991
postgraduate,0.602059991
uc,0.301029996
george,0.602059991
grade,0.602059991
stations,0.602059991
four,0.602059991
needs,0.602059991
debugger,0.602059991
results,0.602059991
next,0.602059991
benefit,0.602059991
cd,0.602059991
documenting,0.602059991
edwards,0.602059991
module,0.301029996
familiarity,0.602059991
reconciliation,0.301029996
engineers,0.602059991
dll,0.301029996
accounting,0.124938737
contacts,0.602059991
cleaner,0.602059991
like,0.301029996
provisioning,0.602059991
underwriting,0.602059991
guest,0.602059991
'back,0.602059991
timelines,0.602059991
vaultize,0.602059991
oversaw,0.602059991
mock,0.602059991
major,0.602059991
ccde,0.602059991
blower,0.602059991
players,0.602059991
collection,0.602059991
wmi,0.602059991
microversion,0.602059991
ebs,0.602059991
bee,0.602059991
diagnosed,0.602059991
matlab,0.602059991
uncover,0.602059991
detailed,0.602059991
versed,0.602059991
modeled,0.602059991
232,0.602059991
interfaced,0.602059991
goals,0.602059991
equipment.,0.602059991
1983novell,0.602059991
intermediate,0.301029996
cucumber,0.602059991
cary,0.602059991
freelance,0.602059991
office,0.124938737
bct,0.602059991
scripts.,0.602059991
allegro,0.602059991
epics,0.602059991
vcg,0.602059991
power,0.602059991
mvc4,0.602059991
scm,0.602059991
sales,0.301029996
cisco,0.124938737
gcpm,0.602059991
v,0.602059991
quality,0.124938737
choices,0.602059991
wpa,0.602059991
products.,0.602059991
force,0.602059991
employing,0.602059991
january,0.602059991
razor,0.602059991
hour,0.602059991
e.c.s.,0.602059991
hnd,0.602059991
ccdp,0.602059991
network,0
fair,0.602059991
postpaid,0.602059991
2020,0.602059991
protected,0.602059991
mind,0.602059991
admin,0.602059991
firebox,0.602059991
java,0.124938737
girls,0.602059991
duties,0.602059991
practical,0.301029996
years,0.301029996
dr,0.602059991
reverse,0.602059991
matrixed,0.602059991
4.6.,0.602059991
possess,0.602059991
11g,0.602059991
dcs,0.602059991
responsible,0.602059991
vb,0.602059991
hotline,0.602059991
scenarios,0.602059991
sell,0.602059991
duke,0.602059991
work,0.301029996
manufacturers.,0.602059991
industry's,0.602059991
recording,0.301029996
12,0.602059991
phase,0.602059991
servers,0.301029996
2000,0.301029996
alm,0.602059991
entrepreneurial,0.602059991
robins,0.602059991
diagnostics,0.602059991
warranty,0.602059991
facade,0.602059991
breeze,0.602059991
cutting,0.301029996
gives,0.602059991
culture,0.602059991
bhaktapur,0.602059991
jslibraries,0.602059991
printers,0.602059991
iphone,0.301029996
hiring,0.602059991
excelled,0.602059991
easymock,0.602059991
ipsec,0.602059991
core,0.124938737
education,0.301029996
100,0.602059991
tooling,0.301029996
bard,0.602059991
modelling,0.301029996
inspected,0.602059991
notable,0.602059991
done,0.602059991
filesystems,0.602059991
magento,0.602059991
approval,0.602059991
tuning,0.301029996
full,0.602059991
accessories.,0.602059991
nucleus,0.602059991
clp,0.602059991
trains,0.602059991
understand,0.602059991
10g,0.602059991
quickly,0.602059991
procedure,0.602059991
august,0.301029996
end.,0.602059991
rollout,0.301029996
started,0.602059991
easy,0.301029996
4.6,0.602059991
ops,0.602059991
polling,0.602059991
los,0.602059991
unix,0.124938737
crm,0.301029996
conferencing,0.602059991
capture,0.301029996
burpsuit,0.602059991
reqirements,0.602059991
ability,0.301029996
framework,0.301029996
manufactured,0.602059991
planned,0.602059991
contributor,0.602059991
layers,0.602059991
builds,0.602059991
requirements,0.301029996
bigdata,0.602059991
remaining,0.602059991
groovy,0.602059991
utilities,0.602059991
aas,0.602059991
ancillary,0.602059991
devry,0.602059991
delivered,0.602059991
restful.,0.602059991
viewpermit,0.602059991
vault,0.301029996
maharashtra,0.301029996
$3.9m,0.602059991
informatics,0.602059991
demos,0.602059991
offerings,0.602059991
infragistics,0.602059991
storekit,0.602059991
coordinate,0.602059991
deployed,0.602059991
cognito,0.602059991
philosophy,0.602059991
version,0.301029996
svn,0.301029996
definitions,0.602059991
provides,0.602059991
parse,0.602059991
progressing,0.602059991
license,0.602059991
attraction,0.602059991
smartphone,0.602059991
dials,0.602059991
typewriter,0.602059991
ba,0.602059991
ps3,0.602059991
instead,0.602059991
pack,0.602059991
berkshelf,0.602059991
sites.,0.602059991
gage,0.602059991
based,0.301029996
memberships,0.602059991
similar,0.602059991
advanced,0
api,0.124938737
views,0.602059991
crashes,0.602059991
correct,0.602059991
soci,0.602059991
scientist,0.602059991
xslt,0.301029996
creative,0.124938737
bootstrap.,0.602059991
database.,0.602059991
issa,0.602059991
xml,0.301029996
routematch,0.602059991
jasmine,0.602059991
media,0.301029996
redis,0.602059991
tiruchchirappalli,0.602059991
queries,0.301029996
cards,0.602059991
photo,0.602059991
added,0.602059991
blocking,0.602059991
leavey,0.602059991
progression,0.602059991
sdsl,0.602059991
guides,0.602059991
diploma,0.602059991
premiums.,0.602059991
ann,0.602059991
define,0.602059991
rexx,0.602059991
quantum,0.602059991
aicp,0.602059991
get,0.602059991
outcomes,0.602059991
fresh,0.602059991
ascent,0.602059991
javaserver,0.602059991
tcp,0.301029996
summarize,0.602059991
"""customer",0.602059991
five,0.602059991
designers,0.602059991
side,0.301029996
rapid,0.602059991
functional,0.602059991
call,0.602059991
fire,0.602059991
inspection,0.602059991
apns,0.602059991
human,0.602059991
eclipse,0.301029996
normalization,0.602059991
svcs,0.602059991
completion,0.602059991
commercial,0.602059991
macon,0.602059991
deals,0.602059991
consulting,0.602059991
devops,0.301029996
compared,0.602059991
spec,0.602059991
series,0.602059991
escalations,0.602059991
sale,0.602059991
containers,0.602059991
coretext,0.602059991
meter,0.602059991
beyond,0.602059991
id,0.602059991
identical,0.602059991
production,0.602059991
occupational,0.602059991
roadmaps,0.602059991
value,0.602059991
interfere,0.602059991
career,0.602059991
ran,0.602059991
80%,0.602059991
forensics,0.602059991
"""green",0.602059991
ide,0.301029996
v9,0.602059991
march,0.602059991
squid,0.602059991
frequently,0.602059991
handheld,0.301029996
changed,0.602059991
vision,0.602059991
ajax,0.301029996
675,0.602059991
face,0.602059991
etc,0.602059991
robust,0.602059991
cloud,0.124938737
tests,0.602059991
models,0.602059991
biochemistry,0.602059991
town,0.602059991
customers,0.602059991
phillips,0.602059991
growing,0.602059991
administrator],0.602059991
port.,0.602059991
2066,0.602059991
reorganized,0.602059991
identifying,0.602059991
voip,0.124938737
progress,0.301029996
articles,0.602059991
ihe,0.602059991
2k,0.602059991
mac,0.301029996
sonar,0.301029996
errors,0.602059991
practitioner,0.301029996
hat,0.301029996
problem,0.602059991
exploitation,0.602059991
95,0.301029996
freelancer,0.602059991
as9100.,0.602059991
linq,0.301029996
goal,0.602059991
itextsharp,0.602059991
shipped,0.602059991
oak,0.602059991
wireless,0.301029996
uart,0.602059991
november,0.301029996
compton,0.602059991
modelsim.,0.602059991
particular,0.602059991
nunit,0.301029996
redundancy.,0.602059991
documented,0.602059991
institute,0.124938737
technicians,0.301029996
building,0.602059991
plans,0.301029996
bachelor’s,0.602059991
booked,0.602059991
tola,0.602059991
miles,0.602059991
invoice,0.602059991
$4.2m,0.602059991
introduction,0.602059991
dcom,0.602059991
sos,0.602059991
fault,0.301029996
utility,0.602059991
graphical,0.602059991
tortoisesvn,0.602059991
libraoffice,0.602059991
holders.,0.602059991
code,0.301029996
guide,0.602059991
internet,0.301029996
acrobat,0.602059991
libraries,0.301029996
ensured,0.602059991
abnormal,0.602059991
reliability,0.602059991
veterans,0.602059991
character,0.602059991
frontpage,0.602059991
b.e.e.,0.602059991
calls.,0.602059991
nt,0.602059991
website.,0.602059991
kit,0.602059991
organizational,0.602059991
michael's,0.602059991
fluor,0.602059991
aix,0.602059991
groomed,0.602059991
needed,0.602059991
profitability,0.602059991
ltd,0.602059991
400,0.602059991
determine,0.602059991
x.509,0.602059991
united,0.301029996
bit,0.301029996
winforms,0.301029996
insightful,0.602059991
ci,0.602059991
asp.netapplication,0.602059991
analysis,0.301029996
[2013,0.602059991
d.sc.,0.602059991
handling,0.124938737
serial,0.602059991
infotech,0.602059991
jose,0.301029996
requiring,0.602059991
adm,0.602059991
spaces,0.602059991
hot,0.602059991
runs,0.602059991
mastercam,0.602059991
msp16,0.602059991
even,0.602059991
j2ee1.6,0.602059991
kernel,0.602059991
viddhya,0.602059991
cis,0.602059991
debugging,0.301029996
systems,0
m.c.s.,0.602059991
caliper,0.602059991
program,0.301029996
mount,0.602059991
backbonejs,0.602059991
housing,0.602059991
issm,0.602059991
responsibilities,0.301029996
engine,0.301029996
consistent,0.602059991
logon,0.602059991
apps,0.301029996
150,0.602059991
assisted,0.602059991
md,0.602059991
frameworks,0.301029996
sole,0.602059991
retrieves,0.602059991
i.e.,0.301029996
responses,0.602059991
shell,0.301029996
wa,0.602059991
lift.,0.602059991
rating,0.602059991
also,0.301029996
southern,0.602059991
every,0.602059991
saprk,0.602059991
wii,0.602059991
graphics,0.124938737
snmp,0.301029996
designing,0.301029996
simpli,0.602059991
operations,0.602059991
boards.,0.602059991
$276k,0.602059991
visualizations,0.602059991
electronic,0.124938737
lob's,0.602059991
line,0.301029996
san,0.124938737
802.11i,0.602059991
gssp,0.602059991
samsung,0.602059991
ce,0.602059991
encryption,0.301029996
1st,0.301029996
claims,0.602059991
slc,0.602059991
ttls,0.602059991
inbound,0.602059991
faces,0.602059991
lpic,0.602059991
tcl,0.602059991
radiation,0.602059991
agents,0.602059991
implemented,0.602059991
connect,0.602059991
processor.,0.602059991
december,0.124938737
computerized,0.602059991
lowell,0.301029996
nadu,0.602059991
implementing,0.301029996
modifying,0.602059991
89.25%,0.602059991
authoring,0.602059991
rft.,0.602059991
toad,0.602059991
lingual,0.602059991
clm,0.602059991
explaining,0.602059991
notepad++,0.301029996
scada,0.602059991
compression,0.602059991
automotive,0.602059991
dli,0.602059991
rouge,0.301029996
co,0.602059991
iperia,0.602059991
lisha,0.602059991
artist,0.602059991
powerpoint,0.301029996
stages,0.602059991
wascompatible,0.602059991
ia,0.602059991
migration,0.602059991
compilation,0.301029996
managers,0.602059991
interact,0.602059991
mocking,0.602059991
often,0.602059991
quickrec,0.602059991
e.g.,0.602059991
escalated,0.602059991
emr,0.602059991
theme,0.602059991
cs6,0.602059991
timesheets,0.602059991
biztechnologies,0.602059991
texas,0.301029996
14+,0.602059991
knowledge,0.301029996
part,0.602059991
title,0.602059991
designed,0.602059991
87.33%,0.602059991
itil,0.602059991
9i,0.602059991
clerk,0.602059991
virtualbox,0.301029996
programming,0.301029996
foundational,0.602059991
managing,0.301029996
xscale,0.602059991
ecmascript,0.602059991
allows,0.602059991
processes,0.301029996
drove,0.602059991
alcon,0.602059991
expected,0.602059991
"""logical""",0.602059991
wires,0.602059991
lis,0.602059991
usg,0.602059991
gol,0.602059991
highstock,0.602059991
se,0.602059991
scheduler,0.602059991
windows,0.124938737
service.,0.301029996
statistician,0.602059991
openssh,0.602059991
school’s,0.602059991
multimillion,0.602059991
aspects,0.301029996
redhat,0.602059991
sony,0.602059991
aviation,0.602059991
migradoc,0.602059991
signature,0.602059991
fetches,0.602059991
tecace,0.602059991
circuit,0.602059991
improved,0.602059991
3+,0.602059991
native,0.602059991
redux,0.602059991
taxonomy,0.602059991
rad,0.602059991
fmw,0.602059991
alongside,0.602059991
concerns,0.602059991
suite.,0.602059991
graphic,0.301029996
property,0.602059991
sensible,0.602059991
populate,0.602059991
protocals,0.602059991
driver,0.602059991
bases,0.602059991
router,0.602059991
ubuntu,0.602059991
popular,0.602059991
office',0.602059991
hotel,0.602059991
individuals,0.602059991
server,0.124938737
images,0.602059991
directory,0.301029996
oja,0.602059991
moved,0.602059991
hpe,0.602059991
stand,0.602059991
played,0.602059991
mechanical,0.602059991
navajo,0.602059991
drop,0.602059991
2,0.602059991
cache,0.602059991
winning,0.602059991
accepted,0.602059991
reps,0.602059991
millions,0.602059991
solaris,0.301029996
room,0.602059991
stack,0.602059991
user's,0.602059991
healthline,0.602059991
multimeters,0.602059991
websphere,0.301029996
releases.,0.602059991
gulp,0.602059991
workflow,0.602059991
term,0.602059991
es,0.602059991
diseases,0.602059991
bulk,0.602059991
shikshadeep,0.602059991
hacking,0.602059991
billing,0.602059991
pdfsharp,0.602059991
bugs,0.602059991
libali,0.602059991
kumaripati,0.602059991
comparison,0.602059991
millennium,0.602059991
extensible,0.602059991
input,0.602059991
california,0.301029996
externship,0.602059991
animations,0.602059991
engagement,0.602059991
communication.,0.602059991
angularjs,0.301029996
many,0.301029996
fiddler4,0.602059991
binary,0.602059991
des,0.602059991
uft,0.602059991
w,0.602059991
multiplayer,0.602059991
profit,0.602059991
mountain,0.602059991
topics,0.602059991
message,0.602059991
xbox,0.602059991
jetbrains,0.602059991
qt,0.602059991
schema,0.602059991
firewall,0.602059991
b.e.,0.602059991
perforce,0.602059991
techniques,0.602059991
devices,0.602059991
2years,0.602059991
485,0.602059991
[2011],0.602059991
satisfied,0.602059991
browser,0.301029996
veenus,0.602059991
classic,0.602059991
discovery,0.602059991
viewing,0.602059991
defense,0.301029996
internship,0.602059991
indesign,0.602059991
50,0.602059991
peap,0.301029996
comparator,0.602059991
members,0.602059991
records,0.602059991
found,0.602059991
intuitive,0.602059991
half,0.602059991
atos,0.602059991
keyword,0.602059991
sql*plus,0.602059991
fall,0.602059991
offices,0.602059991
college,0.301029996
programs,0.301029996
upgraded,0.602059991
deliverer,0.602059991
de,0.602059991
changes,0.602059991
bernhardt,0.602059991
b.s.e.,0.602059991
always,0.602059991
overall,0.602059991
tray,0.602059991
sanitation,0.602059991
rebuilds,0.602059991
$3.5m,0.602059991
bachelor,0.602059991
schneider,0.602059991
79.50%,0.602059991
nosql,0.602059991
info,0.301029996
lans,0.602059991
optometry,0.602059991
xaml,0.301029996
frd,0.602059991
middleware,0.602059991
oscilloscopes,0.602059991
snippets,0.602059991
sybase,0.301029996
134%,0.602059991
1994,0.602059991
jul.,0.602059991
samba,0.602059991
go,0.602059991
bake,0.602059991
operational,0.602059991
deploying,0.602059991
transitioned,0.602059991
1997,0.301029996
parsed,0.602059991
hampshire,0.602059991
4gl,0.301029996
generated,0.602059991
aacme,0.602059991
twitter,0.301029996
oriented,0.301029996
khwopa,0.602059991
nasa,0.602059991
watchguard,0.602059991
&,0
keil,0.301029996
2+,0.602059991
number,0.602059991
offshore,0.602059991
queen,0.602059991
bluegrass,0.602059991
morrisville,0.602059991
msc.,0.602059991
professional,0.301029996
failure,0.602059991
enhancements,0.602059991
lists,0.602059991
flash,0.301029996
conditions,0.602059991
consultative,0.602059991
client's,0.602059991
domo,0.602059991
amr,0.602059991
docutech,0.602059991
negotiation,0.602059991
signal,0.602059991
consultant,0.301029996
according,0.602059991
tectia,0.602059991
cards.,0.602059991
machines,0.602059991
hermann,0.602059991
responsibly,0.602059991
may,0.124938737
methods,0.602059991
vim,0.301029996
tenants,0.602059991
xhtml,0.301029996
addition,0.602059991
duluth,0.602059991
dallas,0.602059991
2070,0.602059991
sever,0.602059991
direct,0.602059991
founder,0.602059991
10+2,0.602059991
pointcentral,0.602059991
extracts,0.602059991
va,0.602059991
gcwn,0.602059991
ph.d.,0.602059991
storageworks,0.602059991
wireshark,0.301029996
let,0.602059991
registered,0.602059991
airline,0.602059991
tested,0.602059991
mi,0.602059991
implementer,0.602059991
track,0.602059991
lake,0.602059991
2012,0.124938737
manual,0.602059991
prints,0.602059991
weeks,0.602059991
japanese.,0.602059991
wins,0.602059991
researcher,0.301029996
pf_unix,0.602059991
authorized,0.602059991
worker,0.602059991
ported,0.602059991
nhibernate,0.602059991
objective,0.301029996
ccna,0.124938737
garden,0.301029996
radioactive,0.602059991
procedures.,0.602059991
servlets,0.301029996
department's,0.602059991
decoupled,0.602059991
implement,0.602059991
php,0.301029996
mendon,0.602059991
higher,0.301029996
lucene,0.301029996
6+,0.602059991
locust,0.602059991
toshiba,0.602059991
whitespace,0.602059991
learn,0.602059991
build,0.301029996
access.,0.602059991
tribhuvan,0.602059991
resource,0.602059991
skills,0.301029996
ltd.,0.602059991
pipes,0.602059991
aug,0.602059991
legacy,0.602059991
collaborate,0.602059991
mcsa,0.602059991
pennsylvania,0.602059991
netbeans,0.301029996
rfc4764,0.602059991
conflicts,0.602059991
cap,0.602059991
deprecated,0.602059991
variety,0.301029996
internet.,0.602059991
yearly,0.602059991
realm,0.602059991
formatted,0.602059991
vxds,0.602059991
maximum,0.602059991
promote,0.602059991
aasocd,0.602059991
computer,0.124938737
gained,0.602059991
1.x,0.301029996
openvpn,0.301029996
medical,0.602059991
mercurial,0.602059991
mapping,0.301029996
accidents.,0.602059991
achievements,0.602059991
mine,0.602059991
telerik,0.602059991
portray,0.602059991
slack,0.602059991
8085,0.602059991
principal,0.602059991
mcse,0.301029996
engineering,0
topology,0.602059991
cakephp,0.602059991
ejb3.,0.602059991
efficient,0.301029996
ap,0.602059991
20,0.602059991
smart,0.301029996
threadx,0.301029996
desktop,0.124938737
ionic,0.602059991
canada,0.602059991
reported,0.602059991
interview,0.602059991
cobol,0.602059991
patients,0.602059991
department,0.602059991
zahraa,0.602059991
jaljala,0.602059991
share,0.602059991
bedford,0.602059991
match,0.602059991
price,0.602059991
monetization,0.602059991
jncia,0.301029996
greater,0.602059991
interacting,0.602059991
modernization,0.602059991
quote,0.602059991
accomplishments,0.602059991
novell,0.602059991
demonstrations,0.602059991
professor,0.602059991
soap,0.301029996
bowes,0.602059991
hyper,0.602059991
water,0.602059991
established,0.602059991
lines,0.301029996
dynamodb.,0.602059991
intrinsics,0.602059991
criteria.,0.602059991
specification,0.602059991
authored,0.602059991
basic,0.301029996
elearnsecurity,0.602059991
investigated,0.602059991
responds,0.602059991
offensive,0.602059991
apis,0.301029996
cadence,0.602059991
locks.,0.602059991
upcoming,0.602059991
content,0.602059991
1000,0.602059991
created,0.602059991
sr.,0.602059991
gen,0.602059991
technician.,0.602059991
excess,0.602059991
architure,0.602059991
practices,0.301029996
$320k,0.602059991
aspect,0.602059991
responded,0.602059991
comet,0.602059991
release,0.602059991
rochester,0.301029996
methodology],0.602059991
8086,0.602059991
scanning,0.602059991
taylor,0.602059991
pacific,0.602059991
cyber,0.301029996
prediction,0.602059991
ca,0.124938737
ux,0.301029996
look,0.602059991
view,0.301029996
engagements.,0.602059991
diagrams.,0.602059991
h,0.602059991
tasks,0.602059991
science,0.301029996
smtp,0.602059991
jqgridphp,0.602059991
clinton,0.602059991
medellin,0.602059991
8i,0.602059991
savaje,0.602059991
master,0.124938737
physical,0.602059991
phil,0.602059991
strings,0.602059991
kerala,0.301029996
proactive,0.602059991
inclusion,0.602059991
mssql,0.602059991
atari,0.602059991
cobalt,0.602059991
relational,0.602059991
law,0.602059991
chabahil,0.602059991
citizens,0.602059991
illustration,0.602059991
gsna,0.602059991
person,0.602059991
actc,0.602059991
system,0
grove,0.602059991
lan,0.301029996
updates,0.602059991
catalog,0.602059991
c,0.124938737
freightlines,0.602059991
confirmed.,0.602059991
completed,0.301029996
due,0.602059991
editorial,0.602059991
ieee,0.301029996
commands,0.602059991
laptop,0.301029996
anyone,0.602059991
iona,0.602059991
feature,0.602059991
making,0.602059991
distinction,0.602059991
vxworks,0.301029996
store,0.301029996
2017,0.124938737
ccie,0.602059991
chelmsford,0.602059991
fort,0.602059991
3,0.124938737
76.60%,0.602059991
pirch,0.602059991
mail,0.301029996
legends,0.602059991
implementation,0.301029996
mcdst,0.602059991
torchmark,0.602059991
exam,0.602059991
include.,0.602059991
cognitive,0.602059991
alumni,0.602059991
custom,0.301029996
excellent,0.301029996
microcontroller,0.602059991
strike,0.602059991
periodic,0.602059991
reassigned,0.602059991
broker,0.602059991
webservices,0.602059991
8.1,0.602059991
backed,0.602059991
bsd,0.602059991
accurate,0.602059991
optics,0.602059991
cics,0.602059991
kaplan,0.602059991
from.,0.602059991
integration,0.301029996
specialized,0.602059991
communications,0.301029996
tree.,0.602059991
spy,0.602059991
subsystem,0.602059991
avail,0.602059991
role,0.602059991
inkscape,0.602059991
hokua,0.602059991
avant,0.602059991
progress4gl,0.602059991
directorate,0.602059991
modal,0.602059991
essentials,0.602059991
oregon,0.602059991
openroad,0.602059991
cruis'n,0.602059991
council’s,0.602059991
project,0
printer,0.602059991
tree,0.301029996
academy,0.124938737
dmw,0.602059991
repairing,0.602059991
kvm,0.602059991
creation,0.602059991
training,0.124938737
statement,0.301029996
customer's,0.602059991
rep,0.602059991
viewer,0.602059991
l.v.,0.602059991
byasi,0.602059991
mba,0.602059991
problems,0.602059991
maltego,0.602059991
personal,0.602059991
seconds,0.602059991
gcd,0.602059991
word,0.301029996
xavier’s,0.602059991
75,0.602059991
litmus,0.602059991
campaign,0.602059991
milwaukee,0.602059991
wipro,0.602059991
approved,0.602059991
ordinate,0.602059991
vi,0.602059991
picturetel,0.602059991
interpret,0.602059991
elbrys,0.602059991
vista,0.301029996
delivery,0.602059991
radioshack,0.602059991
ethical,0.602059991
wxwidgets,0.602059991
period,0.602059991
troubleshooting,0.301029996
place,0.602059991
racf,0.602059991
influenced,0.602059991
sqlite3,0.602059991
mcu,0.602059991
geico,0.602059991
oracle10,0.602059991
carolina,0.602059991
linux.,0.301029996
shutterstock,0.602059991
eccsp,0.602059991
cbse,0.602059991
patient’s,0.602059991
develop,0.602059991
employees,0.602059991
execution,0.602059991
champs,0.602059991
j2ee,0.301029996
subscribe,0.602059991
minor,0.301029996
humphries,0.602059991
nightly,0.602059991
electro,0.602059991
basis.,0.602059991
eliminated,0.602059991
long,0.602059991
external,0.602059991
partnership,0.602059991
governor's,0.602059991
psychology,0.602059991
traced,0.602059991
unacceptable,0.602059991
servlet,0.602059991
bug,0.301029996
startup,0.602059991
registry,0.602059991
urban,0.602059991
fu,0.602059991
citi,0.602059991
programming.,0.602059991
cci,0.602059991
microprocessors,0.602059991
primarily,0.602059991
economy.,0.602059991
organized,0.602059991
chipsets.,0.602059991
instruments,0.602059991
pitch,0.602059991
free,0.301029996
dhobighat,0.602059991
30,0.602059991
payroll,0.602059991
whitebox,0.602059991
mockups,0.602059991
endpoint,0.602059991
well.,0.602059991
sorts,0.602059991
analysts.,0.602059991
backend,0.602059991
csharp,0.602059991
executive,0.602059991
r2,0.602059991
released,0.301029996
mirado,0.602059991
pws,0.602059991
nh,0.602059991
instituting,0.602059991
elicitation,0.602059991
jenkins.,0.602059991
licenses,0.602059991
via,0.602059991
interchange,0.602059991
coverage's,0.602059991
agencies,0.602059991
kakfa,0.602059991
microprocessor,0.602059991
testing.,0.301029996
hill,0.602059991
ny,0.301029996
host,0.602059991
memory,0.602059991
accountable,0.602059991
ecppt,0.602059991
atf,0.602059991
sqlite,0.602059991
codediary,0.602059991
allocation,0.602059991
epson,0.602059991
webex,0.602059991
ejb2.0,0.602059991
specialist,0.301029996
control,0.124938737
cocoa,0.602059991
prioritized,0.602059991
foods,0.602059991
deployments,0.602059991
sharepoint,0.602059991
audited,0.602059991
ja,0.602059991
complete,0.602059991
pdfs,0.602059991
certificate,0.602059991
1,0
configured,0.602059991
embedded,0.301029996
transferred,0.602059991
park,0.301029996
md5,0.301029996
finish,0.602059991
machine,0.301029996
deliverables.,0.602059991
norcross,0.602059991
bootstrap3,0.602059991
provider,0.602059991
tax,0.602059991
computation,0.602059991
meet,0.602059991
migrations,0.602059991
1.1,0.602059991
iis,0.301029996
ecih,0.602059991
ensuring,0.602059991
chip,0.602059991
ccar,0.602059991
developer,0.124938737
struts,0.301029996
5,0.124938737
modern,0.602059991
jogged,0.602059991
.net,0.124938737
importing,0.602059991
jms,0.602059991
teamforge,0.602059991
83.90%,0.602059991
pf_inet,0.602059991
niketan,0.602059991
fixes,0.602059991
lead,0.602059991
interpersonal,0.301029996
approximately,0.602059991
leadership,0.301029996
introductory,0.602059991
negotiated,0.602059991
clara,0.301029996
cipm,0.602059991
mos,0.602059991
watch,0.602059991
personally,0.602059991
learning,0.602059991
msl6030,0.602059991
notifying,0.602059991
reference,0.602059991
beef,0.602059991
mail.,0.602059991
enterprise,0.124938737
ims,0.301029996
competition,0.602059991
owned,0.602059991
trackers,0.602059991
teams.,0.602059991
others',0.602059991
error,0.602059991
hss,0.602059991
readiness,0.602059991
granite,0.602059991
located,0.602059991
expansion.,0.602059991
capabilities,0.602059991
participate,0.602059991
diagrams,0.602059991
partner,0.301029996
leader,0.301029996
gave,0.602059991
invoices,0.602059991
customized,0.602059991
seven,0.602059991
purdue,0.602059991
decatur,0.602059991
maine,0.602059991
workstation,0.602059991
oozie,0.602059991
logic,0.301029996
either,0.602059991
representative,0.602059991
man,0.602059991
modeler,0.602059991
receivable,0.602059991
field,0.602059991
scripts,0.301029996
clear,0.301029996
fayetteville,0.602059991
type,0.602059991
carefusion,0.602059991
enabled,0.602059991
professionals,0.602059991
educating,0.602059991
levels,0.602059991
made,0.602059991
businessobjects,0.602059991
downloadable,0.602059991
functionality,0.602059991
simulation,0.602059991
doctor.,0.602059991
map,0.602059991
2014,0
president,0.602059991
pthreads,0.602059991
42,0.602059991
partially,0.602059991
story,0.602059991
kicker,0.602059991
powermock,0.602059991
inception,0.602059991
ecvp,0.602059991
tape,0.602059991
gppa,0.602059991
apache,0.301029996
sockets,0.301029996
advertisements,0.602059991
82.40%,0.602059991
aspx,0.602059991
workspace,0.602059991
pmo,0.602059991
11,0.301029996
3.6m,0.602059991
additionally,0.602059991
synchronization,0.602059991
promotions,0.602059991
contact,0.602059991
safety,0.602059991
reached,0.602059991
token,0.602059991
proficiency,0.602059991
progeni,0.602059991
15,0.602059991
fields,0.602059991
versatile,0.602059991
symantec,0.602059991
vxd,0.602059991
$620k,0.602059991
voda,0.602059991
market.,0.602059991
collaborated,0.602059991
peach,0.602059991
space,0.602059991
solr,0.301029996
stake,0.602059991
placed,0.602059991
81.48%,0.602059991
avoid,0.602059991
aasocs,0.602059991
onto,0.602059991
networking,0
api.,0.602059991
lalitpur,0.301029996
lending,0.602059991
engagements,0.602059991
frisco,0.602059991
debugged,0.602059991
platform.,0.602059991
x1000,0.602059991
origination,0.602059991
encountered,0.602059991
trainee,0.602059991
nuclei,0.602059991
rhca,0.602059991
translink,0.602059991
better,0.602059991
export,0.602059991
february,0.602059991
irrlicht,0.602059991
dreamweaver,0.602059991
day,0.602059991
volunteer,0.602059991
sarasota,0.602059991
tech.,0.602059991
forecasting,0.602059991
hololens,0.602059991
emergency,0.602059991
intel,0.301029996
given,0.602059991
protocol,0.301029996
carried,0.602059991
dual,0.602059991
astronomy,0.301029996
88%,0.602059991
inside,0.602059991
802.11,0.602059991
generates,0.602059991
tbcp,0.602059991
bachmann,0.602059991
river,0.301029996
researched,0.301029996
ocs,0.602059991
lri,0.602059991
descriptions,0.602059991
hr,0.602059991
municipality,0.602059991
extracted,0.602059991
connection,0.602059991
premises,0.602059991
cism,0.602059991
isapi,0.602059991
rfc2866,0.602059991
a.a.s.,0.602059991
region,0.602059991
proteus,0.602059991
history,0.602059991
fax,0.301029996
scala,0.301029996
gimp,0.602059991
scientists,0.602059991
ipad,0.301029996
manipulation,0.602059991
applying,0.602059991
businesses,0.602059991
pl\sql,0.602059991
sindhupalchok,0.602059991
intership,0.602059991
impressive,0.602059991
location,0.602059991
mimetype,0.602059991
centers,0.301029996
streaming,0.602059991
cleaning,0.602059991
ess,0.602059991
web,0
thinking,0.602059991
remedy,0.602059991
average,0.602059991
delegates,0.602059991
cross,0.301029996
knockoutjs,0.602059991
spatial,0.602059991
codec,0.602059991
lower,0.602059991
output,0.602059991
mibs,0.602059991
postman,0.301029996
jqgrid,0.602059991
hive,0.602059991
venues.,0.602059991
interfacing,0.301029996
slideshows,0.602059991
analytics,0.301029996
accounts,0.602059991
modules.,0.602059991
salamanca,0.602059991
aws's,0.602059991
shipment,0.602059991
assignment,0.602059991
aacae,0.602059991
socket,0.602059991
jp,0.602059991
clearance,0.602059991
etc.,0.301029996
ucla,0.602059991
paper,0.602059991
japanese,0.602059991
staff,0.602059991
paced,0.602059991
enhancing,0.602059991
mcs,0.602059991
cables,0.602059991
matter,0.602059991
dynamics,0.602059991
instantly,0.602059991
groups.,0.602059991
lenders,0.602059991
tls,0.301029996
files.,0.602059991
specify,0.602059991
designs,0.602059991
structure.,0.602059991
upsell,0.602059991
ccfp,0.602059991
api’s,0.602059991
lru,0.602059991
documentation.,0.602059991
image,0.602059991
guidance,0.602059991
pushing,0.602059991
transferring,0.602059991
10%,0.602059991
109%,0.602059991
taxes,0.602059991
c++,0.301029996
ordering,0.602059991
single,0.602059991
mentioned,0.602059991
ec2,0.301029996
two,0.301029996
rapport,0.602059991
jersey,0.602059991
psk,0.301029996
link,0.602059991
electrical,0.602059991
supplicant.,0.602059991
extern,0.602059991
architecture,0.124938737
document,0.602059991
systems.,0.602059991
calls,0.301029996
increasing,0.602059991
counselor,0.602059991
six,0.301029996
78.78%,0.602059991
volunteered,0.602059991
nortel,0.602059991
redundant,0.602059991
kenosha,0.602059991
advertising,0.602059991
offs,0.602059991
oxfordshir,0.602059991
rally,0.602059991
high,0.301029996
"""blue",0.602059991
constantly,0.602059991
ike,0.602059991
cubic,0.602059991
raw,0.602059991
freebsd.,0.602059991
executed,0.602059991
help,0.301029996
architected,0.602059991
normal,0.602059991
raid,0.602059991
cycle,0.602059991
defender,0.602059991
openmp,0.602059991
included,0.602059991
medium,0.602059991
disaster,0.301029996
voicemail,0.602059991
email,0.301029996
smoke,0.602059991
restful,0.301029996
portfolio,0.602059991
optimal,0.602059991
event,0.602059991
read,0.301029996
examination,0.602059991
banyan,0.602059991
licensed,0.301029996
authorization,0.301029996
server.,0.301029996
forms,0.602059991
imaging,0.602059991
dfe,0.602059991
recycling,0.602059991
2074,0.602059991
mapreduce,0.602059991
editor.,0.602059991
perform,0.301029996
provided,0.602059991
mapper,0.602059991
jawlakhel,0.602059991
vmware,0.301029996
access,0.301029996
pf_netbios,0.602059991
cochin,0.602059991
autosys,0.602059991
jda,0.602059991
gna,0.602059991
sclm,0.602059991
palm,0.602059991
occidental,0.602059991
astrophysics,0.602059991
display,0.602059991
rnd,0.602059991
mschons,0.602059991
0,0.602059991
tu,0.301029996
oswp,0.602059991
readers,0.602059991
florida,0.602059991
angeles,0.602059991
successful,0.602059991
phased,0.602059991
widely,0.602059991
mark,0.602059991
chutzpah,0.602059991
last,0.602059991
meetinghouse,0.602059991
h2,0.602059991
yui,0.602059991
gateway,0.602059991
maintaining,0.301029996
1988,0.602059991
2d,0.602059991
overachieved,0.602059991
sage,0.602059991
officer,0.301029996
pki,0.602059991
integral,0.602059991
installshield,0.602059991
database,0.124938737
reinvigorated,0.602059991
sempra,0.602059991
pricing,0.602059991
satisfaction,0.602059991
hcs12,0.602059991
bschons,0.602059991
reviews,0.602059991
vidya,0.602059991
suitable,0.602059991
bcp,0.602059991
kent,0.602059991
seat,0.602059991
certify,0.602059991
secure,0.301029996
position,0.602059991
github,0.301029996
intellij,0.602059991
corelocation,0.602059991
specials.,0.602059991
editing,0.602059991
oem,0.602059991
bma,0.602059991
back,0.301029996
fast,0.301029996
focus,0.602059991
thus,0.602059991
gisf,0.602059991
bothell,0.602059991
leading,0.602059991
m.sw.e.,0.602059991
migrated,0.602059991
nas,0.602059991
replicaction,0.602059991
verified,0.602059991
presentation,0.602059991
subject,0.602059991
35,0.301029996
review,0.602059991
microservices,0.301029996
metasploit,0.602059991
stakeholder,0.602059991
internals,0.602059991
shishu,0.602059991
upgrades,0.602059991
master's,0.602059991
calculates,0.602059991
win95,0.602059991
rational,0.301029996
db2,0.301029996
stakeholders,0.602059991
affected,0.602059991
bank,0.602059991
took,0.602059991
1984,0.602059991
pool,0.602059991
incorporate,0.602059991
train,0.602059991
columbia,0.602059991
requirement,0.301029996
offices.,0.602059991
jd,0.602059991
tacac+,0.602059991
orm,0.301029996
approach,0.602059991
font,0.602059991
ingestion,0.602059991
localization,0.602059991
musical,0.602059991
plc,0.301029996
percentage,0.602059991
published,0.602059991
clearmake,0.602059991
day.,0.602059991
rfc4502,0.602059991
base,0.602059991
mcitp,0.602059991
acknowledgements,0.602059991
vehicles,0.602059991
osx,0.602059991
santa,0.301029996
teach,0.602059991
received,0.602059991
corporation,0.602059991
accuracy,0.602059991
agl,0.602059991
corba,0.602059991
2068,0.602059991
functions,0.602059991
processor,0.301029996
energy,0.602059991
ask,0.602059991
installing,0.602059991
fully,0.301029996
macos,0.602059991
step,0.602059991
spartin,0.602059991
standards,0.602059991
vsam,0.602059991
motorola,0.602059991
cr,0.602059991
school,0.301029996
aot,0.602059991
cal,0.602059991
multithreaded,0.602059991
stream,0.301029996
per,0.602059991
drupal,0.602059991
commerce,0.301029996
communicate,0.602059991
>6,0.602059991
dollars,0.602059991
sas,0.301029996
supplies,0.602059991
oo,0.602059991
overnight,0.602059991
clean,0.301029996
pleasant,0.602059991
incident,0.602059991
entertainment,0.602059991
enable,0.602059991
corp,0.602059991
chat.,0.602059991
financial,0.301029996
qnx,0.301029996
classes,0.602059991
growth,0.602059991
departmental,0.602059991
8,0.124938737
validation.,0.602059991
collections,0.301029996
white,0.301029996
sap,0.602059991
google,0.301029996
effective,0.301029996
offer,0.602059991
rfc5216,0.602059991
bsc,0.602059991
cvs,0.602059991
demanding,0.602059991
2002hiladelphia,0.602059991
openvas,0.602059991
internationalization,0.301029996
faulted,0.602059991
android,0.124938737
fetch,0.602059991
slow,0.602059991
till,0.602059991
familiar,0.602059991
pig,0.602059991
works,0.602059991
vs,0.301029996
trading,0.602059991
perc,0.602059991
realize,0.602059991
eitca,0.602059991
related,0.602059991
developers,0.602059991
coredata,0.602059991
locus,0.602059991
ldap,0.602059991
highly,0.602059991
http,0.602059991
reviewed,0.602059991
designer,0.124938737
20%,0.602059991
qualifications,0.301029996
engine.,0.602059991
linux,0.124938737
84.13%,0.602059991
symbol,0.602059991
integrated,0.301029996
83%,0.602059991
sent,0.602059991
waterfall,0.602059991
peh,0.602059991
handled,0.602059991
2007,0.124938737
harnesses,0.602059991
pains,0.602059991
skilled,0.301029996
odata,0.602059991
technical,0
lines.,0.602059991
700,0.602059991
solaris.,0.602059991
administration,0
emacs,0.602059991
mscs,0.602059991
repository,0.301029996
e,0.301029996
group,0.301029996
t1,0.602059991
thousands,0.602059991
expand,0.301029996
project's,0.602059991
90.13%,0.602059991
1,0.602059991
following,0.301029996
charting,0.602059991
mass,0.602059991
multithreading,0.602059991
weston,0.602059991
tool.,0.602059991
administered,0.602059991
mismatched,0.602059991
publications,0.602059991
unity,0.301029996
insurewell,0.602059991
remote,0.602059991
accountability.,0.602059991
partners.,0.602059991
moose,0.602059991
challenges,0.602059991
troop,0.602059991
ever,0.602059991
lecturer,0.602059991
n,0.602059991
intranet,0.602059991
lindsey,0.602059991
html.,0.602059991
visual,0.301029996
quickbooks,0.602059991
solrj,0.602059991
daniel,0.602059991
raleigh,0.602059991
american,0.301029996
world,0.602059991
regarding,0.602059991
[asp.net,0.602059991
conway,0.602059991
chapel,0.602059991
premiere,0.602059991
performance,0.301029996
manager,0.124938737
isv's,0.602059991
bible,0.602059991
s.b.,0.602059991
reeves,0.602059991
$80m,0.602059991
np,0.602059991
government,0.301029996
occasionally,0.602059991
98,0.602059991
updates.,0.602059991
js,0.301029996
sm,0.602059991
quota,0.602059991
opportunity,0.602059991
would,0.602059991
postage,0.602059991
monitoring,0.602059991
served,0.602059991
cpack,0.602059991
indicator,0.602059991
fundamentals,0.301029996
smoothie,0.602059991
timely,0.602059991
time,0.301029996
remediated,0.602059991
c++11,0.602059991
assure,0.602059991
system's,0.602059991
environment,0.301029996
controller,0.602059991
physics,0.301029996
clothing,0.602059991
underachieving,0.602059991
sccs,0.602059991
rendering,0.602059991
objects,0.602059991
cipt,0.602059991
ticket,0.602059991
assurance,0.124938737
solution,0.301029996
b.s.c.s.,0.602059991
graduate,0.602059991
amounts,0.602059991
rfms,0.602059991
mechanics,0.602059991
profoundui,0.602059991
design.,0.602059991
disabled,0.602059991
firing,0.602059991
generator,0.602059991
cuda,0.602059991
spanish,0.602059991
total,0.602059991
nepal,0.301029996
everest,0.602059991
microversion4,0.602059991
architect,0.124938737
starter,0.602059991
clearcase,0.301029996
si's,0.602059991
xmpp,0.602059991
writing,0.301029996
arrow,0.602059991
software.,0.602059991
arc,0.602059991
enabling,0.602059991
automation,0.301029996
placing,0.602059991
leaner,0.602059991
certifiers,0.602059991
84.25%,0.602059991
analytical,0.301029996
product.,0.602059991
reports,0.602059991
protocols,0.301029996
svg,0.602059991
mathematics,0.602059991
congestion,0.602059991
mks,0.602059991
excel,0.301029996
effectively,0.301029996
dhtml,0.602059991
improvement.,0.602059991
target,0.602059991
contractor,0.602059991
removing,0.602059991
status.,0.602059991
amd,0.602059991
support,0.124938737
85.85%,0.602059991
enhanced,0.602059991
identified,0.602059991
login,0.602059991
firmware,0.602059991
eap,0.301029996
bharathi,0.602059991
various,0.301029996
1987,0.602059991
information,0
tv,0.602059991
ownership,0.602059991
saas,0.602059991
91%,0.602059991
throughout,0.602059991
wpm,0.602059991
bristol,0.602059991
reality,0.602059991
reload,0.602059991
operating,0.301029996
coordinating,0.602059991
jbcaa,0.602059991
life,0.602059991
dao,0.602059991
springfield,0.602059991
hires,0.602059991
insurance,0.602059991
a.o.t.,0.602059991
css.,0.602059991
video,0.301029996
receivables,0.602059991
graphs,0.602059991
putty,0.602059991
functionally,0.602059991
soa,0.301029996
assembly,0.301029996
unreleased,0.602059991
tracks,0.602059991
natural,0.602059991
first,0.602059991
operation,0.602059991
voice,0.602059991
comp,0.602059991
gdi,0.602059991
dashboards,0.602059991
leak,0.602059991
presentations,0.602059991
solve,0.602059991
namuna,0.602059991
employed,0.602059991
facing,0.301029996
summer,0.602059991
pte,0.602059991
unified,0.602059991
flows.,0.602059991
myriad,0.602059991
monitored,0.602059991
suppliers,0.602059991
front,0.301029996
country.,0.602059991
vendors,0.602059991
entitlement,0.602059991
firm,0.602059991
pediatrics,0.602059991
"supplied""",0.602059991
soldering,0.602059991
mandir,0.602059991
macintosh,0.602059991
within,0.602059991
corresponding,0.602059991
electronics,0.301029996
collected,0.602059991
tiles,0.602059991
reconciliation.,0.602059991
net,0.301029996
auditor,0.602059991
unit,0.301029996
85.80%,0.602059991
trends,0.602059991
poznan,0.602059991
certification,0.301029996
organizer,0.602059991
proteus8,0.602059991
adopt,0.602059991
shop,0.602059991
allowed,0.602059991
gcia,0.602059991
logo,0.602059991
energetic,0.602059991
disputes,0.602059991
epicor,0.602059991
pre,0.602059991
android.,0.602059991
arm,0.124938737
gse,0.602059991
jtag,0.602059991
worth,0.602059991
kamco,0.602059991
chipsets,0.602059991
trusted,0.602059991
shut,0.602059991
passwords,0.602059991
continuity,0.602059991
angels',0.602059991
narrowband,0.602059991
indigo,0.602059991
localizations,0.602059991
oracle10g,0.602059991
download,0.602059991
uis,0.602059991
improvements,0.602059991
opengl,0.301029996
booking,0.602059991
issues,0.602059991
tech,0.301029996
2016,0.124938737
consistently,0.602059991
honours,0.602059991
recruitment,0.602059991
red,0.124938737
setting,0.602059991
highlight,0.602059991
materialize,0.602059991
exposure,0.602059991
50%,0.602059991
hmis,0.602059991
s.l.c,0.602059991
cortex,0.602059991
rwdbtools++,0.602059991
regression,0.602059991
domino,0.602059991
executing,0.602059991
formulated,0.602059991
foundation,0.301029996
adsl,0.602059991
critical,0.301029996
sci,0.602059991
osee,0.602059991
gwapt,0.602059991
london,0.602059991
procurve,0.602059991
pcb,0.602059991
concept,0.602059991
editor],0.602059991
pbachelor,0.602059991
extract,0.602059991
site,0.602059991
appointment,0.602059991
plone,0.602059991
catalyst,0.602059991
point,0.602059991
patches.,0.602059991
j2se,0.602059991
sunnyvale,0.602059991
cmm,0.602059991
ballston,0.602059991
architecture.,0.602059991
date,0.602059991
redmine,0.602059991
unlike,0.602059991
milestones,0.602059991
updated,0.602059991
uri,0.602059991
wearable,0.602059991
fight,0.602059991
named,0.602059991
residential,0.602059991
ptc,0.602059991
76.20%,0.602059991
fi,0.301029996
exceeded,0.602059991
prototype,0.602059991
customers.,0.602059991
mumbai,0.602059991
sensor,0.602059991
pmi,0.602059991
july,0.301029996
cedarwaters,0.602059991
recruited,0.602059991
passenger,0.602059991
medicare,0.602059991
activities,0.602059991
dbeaver,0.602059991
sold,0.602059991
caspian,0.602059991
mcq,0.602059991
class,0.124938737
ares,0.602059991
200%,0.602059991
rates,0.602059991
holy,0.602059991
cognos,0.301029996
clients',0.602059991
ios,0.301029996
northridge,0.602059991
mcpd,0.602059991
raychem,0.602059991
ceo,0.602059991
bsc.,0.602059991
baton,0.301029996
packet,0.301029996
cs,0.301029996
xmind,0.602059991
ultimate,0.602059991
subcontract,0.602059991
mci,0.602059991
switch,0.301029996
reduced,0.602059991
parameters,0.602059991
ejb,0.301029996
bolivariana,0.301029996
queries.,0.602059991
participated,0.602059991
2nd,0.301029996
upgrades.,0.602059991
programmed,0.602059991
channel,0.602059991
samples.,0.602059991
recommended,0.602059991
scout,0.602059991
nirmala,0.602059991
vba,0.602059991
detector,0.602059991
newly,0.602059991
apple,0.301029996
dog,0.602059991
mvc,0.301029996
basiccss,0.602059991
global,0.301029996
gui,0.301029996
toolsets,0.602059991
samples,0.602059991
platforms.,0.301029996
structures,0.602059991
aws.,0.602059991
cities,0.602059991
solving,0.602059991
giac,0.602059991
backups,0.602059991
codecs,0.602059991
generators,0.301029996
ddt,0.602059991
teacher,0.602059991
sigma,0.602059991
copier,0.602059991
xp,0.301029996
zsh,0.602059991
around,0.602059991
lsu,0.602059991
3rd,0.301029996
batch,0.602059991
i2c,0.602059991
module.,0.602059991
site.,0.602059991
axis,0.602059991
oscp,0.602059991
mukwonago,0.602059991
youth,0.602059991
alpine,0.602059991
avm,0.602059991
ceh,0.602059991
berkeley,0.301029996
sourcegear,0.602059991
client’s,0.602059991
initial,0.602059991
b.s.,0.602059991
tasked,0.602059991
euro.,0.602059991
10,0.124938737
robotic,0.602059991
sourcetree,0.301029996
hold,0.602059991
laboratory,0.602059991
daily,0.602059991
peer,0.602059991
virtualization,0.301029996
examiner,0.602059991
distributed,0.301029996
fl,0.301029996
briefing,0.602059991
automatic,0.602059991
exception,0.602059991
vq,0.602059991
jstl,0.602059991
loan,0.602059991
rhcsa,0.602059991
bundled,0.602059991
heavily,0.602059991
led,0.602059991
direction,0.602059991
81.38%,0.602059991
garland,0.602059991
prioritization,0.602059991
construct,0.602059991
git,0.301029996
50+,0.602059991
resharper,0.602059991
e1,0.602059991
